customer_id,site_id
1,155
1,12
1,41
1,209
1,129
1,4
1,146
1,4
1,183
1,201
1,88
1,34
1,183
1,186
1,145
1,130
1,181
1,212
1,159
1,12
1,6
1,118
1,23
1,188
1,159
1,5
1,188
1,179
1,92
1,188
1,16
1,103
1,138
1,142
1,24
1,37
1,217
1,201
1,118
1,14
1,207
1,26
1,131
1,201
1,92
1,17
1,88
1,92
1,179
1,118
1,145
1,209
1,188
1,8
1,146
1,207
1,26
1,41
1,99
1,17
1,17
1,23
1,142
1,4
1,16
1,123
1,72
1,24
1,159
1,103
1,130
1,118
1,130
1,146
1,155
1,16
1,131
1,188
1,145
1,17
1,23
1,17
1,145
1,145
1,99
1,118
1,146
1,24
1,6
1,72
1,24
1,92
1,17
1,6
1,186
1,155
1,99
1,183
1,129
1,159
1,37
1,88
1,138
1,15
1,92
1,201
1,129
1,17
1,37
1,24
1,207
1,223
1,207
1,142
1,223
1,129
1,186
1,17
1,118
1,16
1,41
1,41
1,212
1,4
1,159
1,186
1,183
1,63
1,14
1,203
1,14
1,17
1,129
1,101
1,183
1,70
1,130
1,203
1,103
1,101
1,63
1,131
1,138
1,24
1,179
1,16
1,129
1,217
1,179
1,37
1,186
1,142
1,5
1,14
1,138
1,101
1,142
1,92
1,63
1,85
1,23
1,102
1,207
1,123
1,101
1,130
1,6
1,123
1,118
1,14
1,207
1,17
1,16
1,145
1,223
1,103
1,118
1,92
1,102
1,92
1,14
1,14
1,14
1,201
1,26
1,145
1,223
1,183
1,34
1,118
1,186
1,17
1,6
1,17
1,41
1,92
1,179
1,123
1,179
1,209
1,72
1,5
1,183
1,209
1,209
1,85
1,223
1,4
1,88
1,183
1,70
1,205
1,209
1,217
1,16
1,72
1,183
1,6
1,145
1,123
1,92
1,34
1,203
1,181
1,201
1,101
1,217
1,203
1,145
1,41
1,8
1,85
1,103
1,130
1,118
1,179
1,186
1,188
1,145
1,203
1,4
1,72
1,203
1,92
1,123
1,5
1,146
1,41
1,129
1,26
1,179
1,130
1,5
1,23
1,201
1,17
1,16
1,142
1,72
1,88
1,24
1,188
1,23
1,23
1,201
1,142
1,186
1,130
1,17
1,88
1,5
1,6
1,14
1,145
1,188
1,131
1,209
1,130
1,181
1,155
1,85
1,17
1,92
1,14
1,15
1,130
1,130
1,34
1,4
1,103
1,129
1,101
1,209
1,4
1,6
1,92
1,6
1,183
1,99
1,188
1,131
1,92
1,99
1,186
1,223
1,130
1,37
1,130
1,217
1,85
1,63
1,130
1,130
1,123
1,15
1,209
1,129
1,14
1,5
1,129
1,142
1,70
1,26
1,131
1,15
1,131
1,85
1,15
1,155
1,101
1,179
1,146
1,138
1,201
1,223
1,72
1,205
1,72
1,212
1,99
1,145
1,6
1,63
1,155
1,99
1,209
1,24
1,8
1,179
1,159
1,183
1,201
1,186
1,217
1,207
1,186
1,88
1,63
1,92
1,88
1,16
1,88
1,34
1,41
1,99
1,145
1,205
1,203
1,207
1,12
1,5
1,26
1,212
1,123
1,118
1,99
1,101
1,24
1,4
1,212
1,8
1,155
1,205
1,63
1,179
1,138
1,12
1,102
1,130
1,183
1,123
1,101
1,188
1,217
1,146
1,205
1,72
1,12
1,6
1,24
1,99
1,203
1,8
1,72
1,99
1,188
1,118
1,130
1,142
1,92
1,99
1,212
1,85
1,23
1,123
1,99
1,209
1,24
1,6
1,101
1,159
1,16
1,212
1,102
1,101
1,34
1,118
1,186
1,130
1,129
1,34
1,207
1,24
1,15
1,209
1,72
1,70
1,188
1,99
1,6
1,88
1,145
1,92
1,16
1,15
1,37
1,6
1,101
1,15
1,145
1,34
1,17
1,118
1,103
1,129
1,88
1,14
1,212
1,186
1,99
1,15
1,159
1,203
1,17
1,142
1,4
1,34
1,37
1,203
1,23
1,34
1,92
1,179
1,145
1,179
1,16
1,24
1,186
1,72
1,186
1,183
1,155
1,26
1,12
1,17
1,5
1,123
1,118
1,88
1,102
1,159
1,41
1,207
1,103
1,179
1,212
1,14
1,102
1,6
1,203
1,34
1,186
1,155
1,102
1,223
1,131
1,26
1,63
1,37
1,63
1,4
1,103
1,145
1,6
1,12
1,159
1,181
1,181
1,138
1,70
1,5
1,4
1,207
1,138
1,72
1,223
1,23
1,145
1,8
1,212
1,201
1,223
1,142
1,16
1,15
1,188
1,130
1,205
1,85
1,15
1,15
1,103
1,138
1,15
1,99
1,201
1,26
1,203
1,70
1,24
1,6
1,16
1,207
1,209
1,118
1,181
1,209
1,14
1,159
1,4
1,41
1,37
1,8
1,201
1,179
1,183
1,8
1,23
1,179
1,159
1,212
1,99
1,63
1,186
1,209
1,16
1,24
1,88
1,201
1,203
1,142
1,41
1,145
1,23
1,26
1,8
1,17
1,203
1,186
1,23
1,99
1,8
1,8
1,12
1,131
1,99
1,41
1,146
1,23
1,201
1,188
1,88
1,123
1,223
1,37
1,159
1,183
1,205
1,101
1,142
1,5
1,142
1,70
1,205
1,123
1,186
1,205
1,207
1,16
1,16
1,217
1,123
1,85
1,8
1,142
1,72
1,130
1,181
1,99
1,5
1,155
1,183
1,88
1,70
1,70
1,129
1,207
1,146
1,142
1,102
1,70
1,130
1,217
1,15
1,123
1,41
1,12
1,179
1,88
1,34
1,34
1,223
1,201
1,186
1,203
1,92
1,8
1,6
1,183
1,5
1,17
1,5
1,181
1,88
1,138
1,201
1,4
1,223
1,212
1,129
1,205
1,217
1,205
1,179
1,179
1,72
1,217
1,37
1,129
1,130
1,181
1,129
1,6
1,15
1,41
1,129
1,201
1,99
1,8
1,5
1,123
1,131
1,12
1,145
1,23
1,223
1,34
1,123
1,26
1,41
1,101
1,15
1,223
1,8
1,142
1,183
1,4
1,12
1,179
1,63
1,207
1,101
1,212
1,186
1,181
1,34
1,14
1,37
1,41
1,138
1,131
1,207
1,223
1,4
1,8
1,23
1,63
1,4
1,16
1,92
1,63
1,63
1,24
1,142
1,92
1,24
1,70
1,12
1,131
1,159
1,72
1,24
1,159
1,14
1,23
1,41
1,138
1,23
1,72
1,26
1,37
1,24
1,88
1,146
1,34
1,99
1,118
1,5
1,63
1,159
1,118
1,142
1,41
1,181
1,207
1,85
1,34
1,24
1,138
1,145
1,131
1,223
1,12
1,186
1,92
1,205
1,26
1,159
1,102
1,5
1,15
1,70
1,123
1,205
1,5
1,8
1,14
1,203
1,17
1,16
1,4
1,123
1,188
1,14
1,34
1,92
1,142
1,17
1,88
1,201
1,26
1,12
1,37
1,26
1,130
1,14
1,88
1,14
1,118
1,70
1,99
1,207
1,142
1,118
1,4
1,6
1,101
1,41
1,179
1,155
1,99
1,12
1,16
1,37
1,8
1,155
1,138
1,12
1,5
1,99
1,16
1,130
1,34
1,14
1,23
1,217
1,101
1,23
1,203
1,37
1,129
1,92
1,15
1,123
1,15
1,138
1,8
1,23
1,131
1,26
1,188
1,85
1,203
1,142
1,203
1,138
1,142
1,101
1,4
1,201
1,102
1,123
1,146
1,201
1,138
1,201
1,142
1,41
1,88
1,4
1,23
1,16
1,188
1,183
1,5
1,159
1,41
1,146
1,181
1,37
1,85
1,101
1,138
1,131
1,70
1,26
1,223
1,155
1,188
1,14
1,34
1,179
1,26
1,223
1,14
1,26
1,34
1,88
1,5
1,99
1,101
1,8
1,155
1,188
1,159
1,41
1,130
1,23
1,72
1,209
1,72
1,26
1,5
1,131
1,205
1,129
1,188
1,14
1,24
1,6
1,34
1,138
1,159
1,17
1,14
1,159
1,142
1,72
1,129
1,146
1,14
1,85
1,15
1,17
1,130
1,4
1,6
1,85
1,186
1,6
1,102
1,131
1,188
1,209
1,103
1,16
1,37
1,63
1,88
1,17
1,6
1,209
1,17
1,205
1,26
1,63
1,138
1,118
1,8
1,217
1,72
1,188
1,5
1,23
1,223
1,146
1,16
1,17
1,203
1,179
1,188
1,41
1,130
1,159
1,101
1,102
1,12
1,17
1,103
1,15
1,181
1,34
1,201
1,6
1,201
1,205
1,70
1,92
1,145
1,16
1,4
1,146
1,181
1,159
1,16
1,188
1,205
1,24
1,179
1,24
2,226
2,132
2,31
2,84
2,46
2,10
2,30
2,181
2,132
2,210
2,221
2,204
2,193
2,83
2,84
2,132
2,214
2,84
2,216
2,132
2,10
2,74
2,61
2,210
2,31
2,226
2,203
2,216
2,120
2,116
2,116
2,54
2,79
2,84
2,116
2,31
2,54
2,132
2,31
2,116
2,61
2,177
2,181
2,198
2,55
2,10
2,46
2,120
2,120
2,177
2,30
2,57
2,181
2,226
2,221
2,74
2,120
2,10
2,46
2,31
2,120
2,116
2,210
2,204
2,54
2,120
2,54
2,177
2,46
2,181
2,79
2,116
2,30
2,193
2,216
2,166
2,46
2,55
2,31
2,226
2,151
2,210
2,61
2,55
2,204
2,193
2,54
2,79
2,90
2,83
2,10
2,120
2,198
2,30
2,84
2,221
2,193
2,210
2,10
2,31
2,181
2,214
2,166
2,84
2,226
2,214
2,84
2,79
2,193
2,116
2,166
2,61
2,84
2,193
2,116
2,166
2,54
2,54
2,31
2,132
2,181
2,83
2,84
2,90
2,214
2,55
2,204
2,210
2,46
2,198
2,31
2,116
2,132
2,216
2,216
2,151
2,74
2,54
2,84
2,10
2,55
2,198
2,79
2,90
2,79
2,181
2,166
2,120
2,79
2,181
2,74
2,116
2,214
2,61
2,54
2,46
2,90
2,210
2,166
2,31
2,10
2,120
2,116
2,31
2,193
2,79
2,221
2,120
2,55
2,151
2,30
2,74
2,204
2,193
2,83
2,83
2,46
2,116
2,226
2,84
2,166
2,31
2,31
2,166
2,210
2,61
2,132
2,10
2,210
2,116
2,116
2,193
2,46
2,116
2,193
2,221
2,116
2,54
2,193
2,83
2,198
2,90
2,198
2,181
2,132
2,198
2,54
2,221
2,90
2,57
2,55
2,226
2,198
2,57
2,116
2,193
2,181
2,83
2,31
2,55
2,61
2,132
2,193
2,46
2,54
2,177
2,151
2,90
2,214
2,90
2,10
2,177
2,61
2,46
2,55
2,83
2,57
2,116
2,177
2,30
2,181
2,214
2,74
2,10
2,90
2,116
2,55
2,181
2,84
2,61
2,216
2,216
2,30
2,132
2,214
2,10
2,151
2,120
2,221
2,204
2,55
2,30
2,177
2,198
2,216
2,116
2,57
2,84
2,55
2,221
2,83
2,55
2,31
2,226
2,198
2,57
2,181
2,90
2,61
2,55
2,84
2,210
2,90
2,226
2,46
2,132
2,74
2,151
2,166
2,31
2,116
2,198
2,210
2,30
2,198
2,55
2,226
2,31
2,74
2,193
2,57
2,30
2,132
2,61
2,132
2,116
2,166
2,177
2,210
2,74
2,221
2,83
2,46
2,210
2,210
2,116
2,177
2,181
2,193
2,31
2,132
2,84
2,204
2,54
2,181
2,132
2,30
2,226
2,210
2,116
2,57
2,151
2,90
2,198
2,79
2,116
2,210
2,54
2,198
2,181
2,54
2,198
2,46
2,177
2,204
2,166
2,90
2,83
2,116
2,10
2,226
2,210
2,54
2,198
2,210
2,79
2,151
2,46
2,226
2,181
2,216
2,116
2,214
2,204
2,226
2,31
2,151
2,84
2,54
2,79
2,181
2,31
2,210
2,120
2,46
2,120
2,74
2,30
2,193
2,216
2,204
2,55
2,79
2,90
2,61
2,214
2,226
2,57
2,226
2,30
2,116
2,46
2,79
2,132
2,214
2,226
2,55
2,210
2,10
2,204
2,79
2,79
2,116
2,226
2,151
2,210
2,226
2,210
2,214
2,132
2,79
2,177
2,10
2,90
2,210
2,61
2,46
2,84
2,132
2,116
2,55
2,61
2,204
2,166
2,210
2,46
2,83
2,116
2,79
2,210
2,210
2,221
2,132
2,181
2,166
2,10
2,10
2,116
2,132
2,151
2,90
2,198
2,54
2,177
2,46
2,166
2,61
2,204
2,55
2,214
2,226
2,132
2,181
2,214
2,221
2,166
2,120
2,120
2,226
2,84
2,84
2,83
2,30
2,210
2,151
2,116
2,30
2,61
2,210
2,226
2,177
2,83
2,132
2,30
2,216
2,10
2,210
2,55
2,116
2,181
2,151
2,181
2,54
2,221
2,181
2,181
2,30
2,132
2,132
2,210
2,57
2,74
2,226
2,151
2,132
2,198
2,46
2,166
2,61
2,10
2,57
2,30
2,55
2,210
2,57
2,216
2,221
2,210
2,216
2,132
2,204
2,221
2,90
2,177
2,10
2,46
2,210
2,30
2,61
2,54
2,55
2,74
2,221
2,54
2,61
2,210
2,120
2,74
2,79
2,46
2,120
2,214
2,61
2,226
2,204
2,116
2,10
2,116
2,132
2,79
2,116
2,84
2,151
2,54
2,46
2,79
2,55
2,55
2,54
2,57
2,177
2,181
2,132
2,79
2,204
2,90
2,210
2,214
2,226
2,216
2,181
2,79
2,216
2,198
2,116
2,54
2,57
2,74
2,210
2,221
2,31
2,116
2,181
2,132
2,54
2,83
2,30
2,74
2,181
2,57
2,55
2,54
2,10
2,226
2,90
2,221
2,116
2,166
2,166
2,210
2,198
2,46
2,46
2,79
2,214
2,151
2,116
2,151
2,79
2,198
2,181
2,30
2,226
2,221
2,210
2,30
2,221
2,132
2,214
2,57
2,151
2,120
2,90
2,116
2,84
2,83
2,120
2,90
2,221
2,31
2,132
2,46
2,120
2,54
2,210
2,132
2,210
2,57
2,214
2,46
2,116
2,79
2,116
2,193
2,181
2,216
2,54
2,204
2,116
2,83
2,30
2,221
2,214
2,204
2,30
2,181
2,55
2,120
2,181
2,132
2,221
2,214
2,198
2,204
2,198
2,226
2,198
2,177
2,210
2,216
2,54
2,216
2,151
2,83
2,84
2,90
2,166
2,193
2,31
2,210
2,10
2,193
2,54
2,198
2,216
2,57
2,84
2,61
2,116
2,46
2,204
2,214
2,46
2,54
2,116
2,193
2,31
2,116
2,84
2,210
2,79
2,120
2,84
2,221
2,83
2,214
2,210
2,61
2,46
2,226
2,116
2,57
2,74
2,57
2,166
2,90
2,216
2,198
2,79
2,90
2,116
2,46
2,30
2,177
2,79
2,61
2,57
2,116
2,214
2,177
2,46
2,74
2,166
2,216
2,177
2,10
2,79
2,83
2,10
2,31
2,177
2,116
2,31
2,90
2,120
2,116
2,151
2,132
2,116
2,181
2,177
2,31
2,57
2,79
2,132
2,83
2,57
2,177
2,74
2,61
2,214
2,214
2,116
2,90
2,177
2,79
2,116
2,10
2,55
2,132
2,74
2,210
2,79
2,116
2,74
2,74
2,166
2,46
2,31
2,151
2,204
2,55
2,30
2,83
2,61
2,210
2,151
2,214
2,79
2,214
2,57
2,193
2,61
2,221
2,90
2,120
2,120
2,214
2,193
2,151
2,210
2,216
2,166
2,116
2,214
2,210
2,198
2,166
2,55
2,10
2,132
2,151
2,116
2,30
2,116
2,132
2,221
2,226
2,204
2,151
2,31
2,132
2,90
2,116
2,84
2,57
2,10
2,83
2,30
2,204
2,132
2,30
2,204
2,74
2,31
2,214
2,30
2,210
2,181
2,79
2,204
2,116
2,181
2,166
2,132
2,216
2,74
2,204
2,177
2,181
2,84
2,54
2,216
2,74
2,55
2,210
2,151
2,116
2,193
2,193
2,116
2,226
2,226
2,10
2,214
2,90
2,54
2,31
2,46
2,10
2,193
2,166
2,79
2,46
2,55
2,132
2,214
2,120
2,84
2,46
2,151
2,54
2,177
2,177
2,83
2,210
2,210
2,226
2,54
2,79
2,177
2,55
2,116
2,10
2,116
2,204
2,55
2,57
2,214
2,210
2,116
2,74
2,221
2,204
2,83
2,90
2,151
2,204
2,204
2,216
2,83
2,193
2,61
2,210
2,177
2,221
2,55
2,31
2,10
2,151
2,132
2,79
2,10
2,54
2,210
2,221
2,116
2,79
2,226
2,61
2,74
2,54
2,116
2,132
2,226
2,90
2,116
2,181
2,226
2,61
2,61
2,74
2,57
2,166
2,198
2,210
2,74
2,216
2,177
2,226
2,120
2,10
2,151
2,210
2,116
2,30
2,214
2,55
2,204
2,210
2,90
2,61
2,181
2,214
2,46
2,120
2,120
2,116
2,10
2,30
2,90
2,221
2,54
2,54
2,79
2,151
2,210
2,83
2,214
2,79
2,84
2,55
2,132
2,120
2,210
2,166
2,74
2,214
2,57
2,74
2,210
2,54
2,193
2,166
2,198
2,116
2,116
2,74
2,132
2,84
2,83
2,193
2,166
2,210
2,31
2,166
2,31
2,116
2,46
2,84
3,99
3,95
3,95
3,24
3,1
3,219
3,147
3,121
3,10
3,10
3,1
3,147
3,222
3,21
3,117
3,225
3,222
3,150
3,206
3,211
3,99
3,121
3,117
3,95
3,211
3,222
3,214
3,222
3,197
3,99
3,10
3,1
3,219
3,28
3,24
3,117
3,222
3,225
3,150
3,99
3,121
3,222
3,28
3,222
3,21
3,222
3,10
3,147
3,28
3,26
3,225
3,121
3,147
3,219
3,24
3,10
3,28
3,121
3,206
3,10
3,225
3,121
3,225
3,121
3,26
3,121
3,1
3,21
3,150
3,147
3,206
3,147
3,147
3,197
3,211
3,150
3,117
3,222
3,24
3,95
3,222
3,117
3,117
3,1
3,26
3,211
3,26
3,24
3,117
3,26
3,206
3,95
3,26
3,26
3,206
3,147
3,10
3,21
3,150
3,1
3,206
3,219
3,99
3,197
3,24
3,222
3,147
3,222
3,95
3,117
3,24
3,206
3,147
3,117
3,99
3,147
3,150
3,1
3,26
3,99
3,222
3,222
3,222
3,150
3,24
3,211
3,225
3,147
3,24
3,206
3,222
3,197
3,222
3,95
3,95
3,117
3,150
3,121
3,222
3,1
3,147
3,28
3,206
3,206
3,206
3,225
3,10
3,28
3,99
3,28
3,95
3,95
3,147
3,28
3,26
3,117
3,21
3,24
3,147
3,21
3,206
3,28
3,219
3,147
3,99
3,147
3,99
3,222
3,10
3,1
3,10
3,10
3,147
3,24
3,10
3,222
3,222
3,147
3,225
3,147
3,21
3,222
3,197
3,147
3,117
3,147
3,1
3,24
3,21
3,206
3,95
3,147
3,211
3,95
3,117
3,222
3,121
3,26
3,21
3,28
3,197
3,197
3,24
3,26
3,26
3,24
3,147
3,99
3,147
3,197
3,206
3,197
3,26
3,28
3,117
3,121
3,24
3,10
3,222
3,28
3,121
3,147
3,21
3,197
3,1
3,197
3,222
3,95
3,121
3,95
3,219
3,211
3,147
3,21
3,147
3,219
3,21
3,95
3,222
3,95
3,24
3,95
3,222
3,21
3,147
3,21
3,117
3,117
3,147
3,222
3,26
3,147
3,197
3,211
3,121
3,222
3,197
3,10
3,225
3,197
3,21
3,219
3,95
3,225
3,24
3,117
3,99
3,222
3,219
3,219
3,121
3,222
3,211
3,147
3,28
3,150
3,26
3,26
3,26
3,206
3,117
3,150
3,147
3,24
3,99
3,206
3,24
3,117
3,28
3,26
3,24
3,10
3,28
3,211
3,117
3,95
3,197
3,222
3,99
3,211
3,147
3,1
3,24
3,99
3,1
3,28
3,147
3,150
3,150
3,117
3,26
3,21
3,26
3,24
3,21
3,211
3,219
3,95
3,121
3,222
3,206
3,197
3,28
3,222
3,150
3,10
3,219
3,222
3,211
3,121
3,99
3,21
3,147
3,21
3,95
3,150
3,21
3,150
3,225
3,117
3,95
3,147
3,147
3,219
3,211
3,10
3,147
3,147
3,147
3,222
3,121
3,28
3,222
3,95
3,147
3,95
3,147
3,26
3,211
3,222
3,121
3,24
3,26
3,28
3,21
3,147
3,26
3,222
3,225
3,21
3,99
3,121
3,24
3,99
3,1
3,10
3,99
3,121
3,219
3,99
3,225
3,147
3,99
3,222
3,1
3,150
3,211
3,225
3,1
3,211
3,21
3,206
3,95
3,99
3,121
3,26
3,21
3,197
3,219
3,222
3,21
3,147
3,206
3,150
3,24
3,1
3,10
3,211
3,1
3,225
3,117
3,225
3,150
3,117
3,1
3,225
3,21
3,26
3,26
3,21
3,147
3,28
3,24
3,28
3,121
3,147
3,99
3,147
3,219
3,21
3,222
3,28
3,211
3,26
3,206
3,225
3,26
3,219
3,121
3,206
3,211
3,99
3,219
3,121
3,1
3,117
3,219
3,24
3,197
3,150
3,150
3,95
3,225
3,219
3,117
3,121
3,26
3,225
3,225
3,26
3,10
3,147
3,10
3,206
3,121
3,197
3,219
3,222
3,117
3,150
3,121
3,219
3,225
3,147
3,24
3,117
3,10
3,222
3,222
3,197
3,150
3,26
3,28
3,95
3,197
3,225
3,222
3,26
3,219
3,197
3,121
3,206
3,10
3,95
3,225
3,28
3,219
3,99
3,211
3,147
3,150
3,95
3,206
3,147
3,225
3,206
3,147
3,197
3,147
3,150
3,121
3,24
3,117
3,150
3,21
3,147
3,26
3,211
3,211
3,121
3,21
3,150
3,10
3,219
3,197
3,225
3,99
3,117
3,26
3,225
3,219
3,24
3,26
3,10
3,99
3,222
3,219
3,222
3,95
3,197
3,21
3,121
3,225
3,197
3,222
3,24
3,24
3,219
3,24
3,222
3,225
3,222
3,26
3,222
3,21
3,10
3,197
3,222
3,150
3,222
3,197
3,211
3,222
3,147
3,222
3,26
3,225
3,211
3,121
3,206
3,99
3,117
3,26
3,211
3,28
3,222
3,1
3,206
3,99
3,99
3,10
3,24
3,225
3,206
3,222
3,24
3,26
3,150
3,21
3,121
3,99
3,206
3,28
3,222
3,24
3,28
3,222
3,147
3,95
3,219
3,222
3,147
3,117
3,147
3,197
3,95
3,225
3,147
3,99
3,99
3,10
3,21
3,219
3,117
3,225
3,26
3,28
3,197
3,24
3,206
3,206
3,1
3,197
3,1
3,222
3,150
3,28
3,121
3,206
3,197
3,24
3,150
3,150
3,150
3,21
3,222
3,150
3,147
3,28
3,1
3,28
3,147
3,21
3,225
3,121
3,225
3,222
3,117
3,147
3,28
3,219
3,150
3,1
3,24
3,117
3,219
3,26
3,24
3,219
3,21
3,1
3,26
3,117
3,147
3,206
3,99
3,211
3,206
3,24
3,1
3,147
3,222
3,222
3,222
3,147
3,21
3,95
3,197
3,24
3,121
3,24
3,121
3,219
3,211
3,211
3,24
3,24
3,147
3,219
3,117
3,95
3,206
3,225
3,99
3,147
3,222
3,147
3,222
3,147
3,10
3,1
3,147
3,121
3,28
3,225
3,26
3,26
3,21
3,222
3,21
3,222
3,197
3,225
3,24
3,121
3,219
3,197
3,211
3,1
3,99
3,99
3,197
3,211
3,121
3,24
3,222
3,222
3,150
3,26
3,121
3,99
3,28
3,147
3,1
3,222
3,26
3,21
3,219
3,121
3,28
3,150
3,222
3,21
3,147
3,117
3,28
3,219
3,219
3,222
3,225
3,121
3,222
3,95
3,21
3,219
3,211
3,219
3,26
3,211
3,95
3,21
3,117
3,222
3,150
3,10
3,150
3,21
3,222
3,99
3,225
3,222
3,211
3,95
3,95
3,1
3,222
3,21
3,21
3,117
3,26
3,24
3,1
3,24
3,150
3,10
3,28
3,21
3,95
3,222
3,222
3,222
3,99
3,211
3,197
3,121
3,197
3,10
3,206
3,95
3,117
3,24
3,225
3,121
3,147
3,211
3,147
3,147
3,21
3,99
3,222
3,21
3,10
3,222
3,222
3,147
3,10
3,147
3,121
3,28
3,1
3,99
3,28
3,95
3,10
3,117
3,150
3,225
3,147
3,21
3,1
3,117
3,10
3,28
3,222
3,211
3,24
3,197
3,147
3,211
3,21
3,10
3,147
3,28
3,10
3,10
3,1
3,206
3,219
3,225
3,147
3,219
3,95
3,222
3,21
3,28
3,121
3,211
3,10
3,1
3,222
3,26
3,121
3,222
3,117
3,21
3,211
3,95
3,206
3,225
3,206
3,219
3,21
3,147
3,211
3,211
3,222
3,206
3,222
3,147
3,95
3,95
3,28
3,95
3,222
3,121
3,211
3,95
3,225
3,206
3,206
3,21
3,121
3,99
3,121
3,10
3,99
3,222
3,150
3,121
3,24
3,117
3,197
3,28
3,206
3,28
3,121
3,150
3,99
3,28
3,28
3,24
3,26
3,147
3,10
3,197
3,197
3,150
3,117
3,28
3,225
3,28
3,10
3,117
3,222
3,150
3,150
3,99
3,28
3,117
3,197
3,95
3,147
3,26
3,147
3,10
3,24
3,206
3,225
3,95
3,117
3,117
3,225
3,21
3,1
3,211
3,24
3,147
3,150
3,26
3,147
3,21
3,211
3,147
3,26
3,24
3,197
3,150
3,147
3,1
3,95
3,117
3,26
3,222
3,219
3,117
3,21
3,95
3,95
3,206
3,225
3,211
3,117
3,24
3,219
3,206
3,24
3,150
3,211
3,147
3,206
3,197
3,24
3,117
3,117
3,117
3,225
3,197
3,147
3,219
3,1
3,95
3,95
3,222
3,95
3,1
3,24
3,121
3,211
3,147
3,121
4,162
4,181
4,156
4,43
4,116
4,12
4,122
4,12
4,12
4,54
4,139
4,54
4,156
4,168
4,43
4,12
4,219
4,200
4,43
4,156
4,200
4,181
4,174
4,178
4,3
4,156
4,150
4,122
4,174
4,12
4,200
4,116
4,43
4,53
4,43
4,136
4,27
4,3
4,54
4,122
4,162
4,43
4,139
4,136
4,156
4,174
4,43
4,25
4,139
4,219
4,25
4,156
4,12
4,122
4,162
4,54
4,3
4,136
4,19
4,116
4,156
4,54
4,122
4,136
4,25
4,43
4,25
4,174
4,19
4,219
4,174
4,168
4,162
4,25
4,174
4,27
4,156
4,162
4,200
4,116
4,181
4,174
4,19
4,162
4,178
4,19
4,12
4,122
4,136
4,12
4,139
4,3
4,219
4,19
4,27
4,178
4,174
4,53
4,178
4,139
4,27
4,168
4,12
4,25
4,3
4,43
4,219
4,27
4,122
4,27
4,19
4,54
4,136
4,53
4,156
4,12
4,54
4,43
4,19
4,122
4,54
4,116
4,219
4,178
4,116
4,19
4,12
4,200
4,219
4,200
4,3
4,178
4,200
4,162
4,162
4,54
4,162
4,19
4,219
4,200
4,43
4,12
4,136
4,43
4,162
4,43
4,12
4,178
4,19
4,162
4,168
4,122
4,27
4,174
4,122
4,19
4,168
4,200
4,43
4,3
4,200
4,122
4,12
4,25
4,27
4,19
4,3
4,54
4,12
4,122
4,181
4,219
4,181
4,219
4,54
4,156
4,3
4,25
4,43
4,178
4,43
4,178
4,43
4,139
4,174
4,156
4,174
4,19
4,116
4,219
4,181
4,162
4,162
4,3
4,122
4,174
4,168
4,168
4,54
4,178
4,178
4,136
4,200
4,122
4,54
4,162
4,54
4,181
4,200
4,168
4,156
4,43
4,53
4,200
4,19
4,200
4,12
4,156
4,181
4,200
4,19
4,53
4,19
4,53
4,139
4,54
4,174
4,139
4,136
4,178
4,43
4,219
4,122
4,200
4,19
4,19
4,156
4,178
4,156
4,53
4,174
4,43
4,27
4,162
4,116
4,156
4,219
4,19
4,139
4,168
4,181
4,139
4,19
4,122
4,27
4,168
4,162
4,139
4,3
4,200
4,19
4,3
4,43
4,116
4,122
4,54
4,139
4,3
4,19
4,27
4,174
4,43
4,19
4,168
4,122
4,27
4,116
4,156
4,53
4,181
4,174
4,53
4,25
4,162
4,181
4,136
4,116
4,162
4,116
4,43
4,139
4,43
4,156
4,168
4,53
4,219
4,43
4,43
4,136
4,200
4,3
4,219
4,174
4,200
4,181
4,19
4,43
4,19
4,53
4,122
4,136
4,156
4,168
4,200
4,43
4,200
4,181
4,156
4,122
4,43
4,3
4,116
4,200
4,139
4,178
4,19
4,53
4,162
4,43
4,162
4,3
4,178
4,19
4,139
4,136
4,3
4,27
4,12
4,174
4,219
4,12
4,19
4,53
4,19
4,53
4,27
4,168
4,174
4,219
4,168
4,162
4,156
4,139
4,27
4,181
4,19
4,178
4,139
4,156
4,122
4,200
4,116
4,54
4,219
4,156
4,156
4,43
4,178
4,156
4,27
4,139
4,43
4,136
4,54
4,174
4,168
4,25
4,43
4,25
4,162
4,139
4,53
4,53
4,3
4,116
4,43
4,219
4,122
4,162
4,156
4,53
4,122
4,53
4,139
4,27
4,116
4,174
4,219
4,168
4,116
4,219
4,116
4,219
4,136
4,54
4,174
4,200
4,122
4,19
4,178
4,116
4,43
4,139
4,156
4,162
4,53
4,162
4,54
4,12
4,54
4,116
4,116
4,162
4,181
4,54
4,156
4,139
4,19
4,200
4,168
4,178
4,181
4,27
4,200
4,19
4,116
4,139
4,136
4,3
4,43
4,156
4,174
4,25
4,156
4,3
4,53
4,156
4,27
4,139
4,43
4,162
4,12
4,54
4,27
4,178
4,122
4,122
4,122
4,139
4,174
4,200
4,25
4,27
4,219
4,139
4,156
4,3
4,53
4,19
4,168
4,27
4,25
4,156
4,19
4,181
4,19
4,43
4,181
4,162
4,12
4,156
4,12
4,19
4,162
4,53
4,162
4,162
4,219
4,168
4,168
4,3
4,27
4,25
4,116
4,136
4,25
4,178
4,219
4,162
4,162
4,116
4,43
4,43
4,25
4,25
4,54
4,27
4,178
4,54
4,12
4,168
4,136
4,181
4,181
4,53
4,181
4,27
4,156
4,53
4,178
4,178
4,27
4,25
4,116
4,53
4,19
4,200
4,219
4,168
4,12
4,136
4,139
4,139
4,178
4,43
4,43
4,27
4,200
4,219
4,162
4,139
4,27
4,12
4,178
4,3
4,181
4,116
4,200
4,219
4,168
4,174
4,25
4,168
4,3
4,12
4,174
4,178
4,122
4,178
4,12
4,27
4,25
4,25
4,27
4,219
4,219
4,219
4,12
4,200
4,174
4,168
4,174
4,43
4,136
4,139
4,12
4,178
4,178
4,27
4,181
4,219
4,219
4,174
4,200
4,25
4,3
4,136
4,116
4,19
4,116
4,116
4,162
4,116
4,200
4,139
4,156
4,174
4,19
4,19
4,53
4,12
4,54
4,156
4,53
4,136
4,43
4,168
4,3
4,3
4,200
4,19
4,19
4,19
4,219
4,122
4,219
4,174
4,3
4,54
4,53
4,178
4,162
4,25
4,25
4,12
4,3
4,181
4,156
4,19
4,53
4,162
4,156
4,27
4,25
4,200
4,53
4,219
4,156
4,162
4,136
4,12
4,27
4,136
4,139
4,54
4,174
4,219
4,156
4,3
4,27
4,43
4,162
4,168
4,116
4,54
4,156
4,139
4,43
4,200
4,200
4,168
4,178
4,27
4,12
4,43
4,54
4,219
4,178
4,3
4,25
4,27
4,54
4,168
4,178
4,139
4,162
4,122
4,162
4,53
4,43
4,219
4,3
4,27
4,156
4,27
4,54
4,168
4,156
4,19
4,174
4,162
4,174
4,122
4,200
4,53
4,174
4,139
4,136
4,174
4,122
4,12
4,116
4,162
4,181
4,53
4,116
4,43
4,3
4,178
4,116
4,19
4,156
4,174
4,168
4,181
4,27
4,43
4,219
4,174
4,174
4,27
4,181
4,200
4,178
4,27
4,53
4,19
4,122
4,219
4,156
4,25
4,12
4,136
4,3
4,53
4,162
4,12
4,54
4,174
4,116
4,12
4,200
4,162
4,178
4,25
4,168
4,116
4,174
4,116
4,136
4,219
4,181
4,3
4,136
4,122
4,168
4,19
4,43
4,12
4,12
4,168
4,25
4,136
4,12
4,53
4,168
4,156
4,156
4,12
4,116
4,3
4,19
4,19
4,122
4,174
4,19
4,53
4,181
4,27
4,156
4,136
4,25
4,181
4,156
4,181
4,12
4,54
4,136
4,139
4,136
4,3
4,139
4,181
4,156
4,25
4,19
4,168
4,136
4,156
4,136
4,122
4,3
4,139
4,3
4,162
4,139
4,27
4,122
4,178
4,25
4,3
4,136
4,181
4,122
4,162
4,162
4,139
4,54
4,162
4,139
4,168
4,162
4,27
4,27
4,219
4,54
4,3
4,3
4,53
4,43
4,12
4,19
4,54
4,168
4,54
4,43
4,25
4,54
4,219
4,162
4,122
4,174
4,25
4,174
4,162
4,178
4,19
4,122
4,27
4,19
4,53
4,168
4,3
4,139
4,136
4,139
4,219
4,53
4,19
4,53
4,156
4,43
4,156
4,174
4,53
4,136
4,3
4,19
4,174
4,181
4,178
4,181
4,12
4,162
4,168
4,116
4,219
4,162
4,19
4,219
4,139
4,122
4,162
4,25
4,19
4,136
4,122
4,136
4,162
4,156
4,181
4,116
4,25
4,162
4,43
4,53
4,178
4,168
4,116
4,43
4,178
4,19
4,139
4,156
4,162
4,174
4,162
4,53
4,139
4,174
4,200
4,116
4,53
4,54
4,156
4,156
4,116
4,162
4,168
4,181
4,27
4,136
4,3
4,178
4,122
4,27
4,174
4,43
4,116
4,156
4,27
4,162
4,178
4,178
4,181
4,156
4,219
4,219
4,139
4,122
4,19
4,3
4,200
4,136
4,136
4,178
4,162
4,156
4,43
4,139
4,181
4,116
4,174
4,116
4,168
4,122
4,53
4,54
4,162
4,181
4,53
4,136
4,219
4,200
4,178
4,53
4,27
4,156
4,156
4,219
4,136
4,156
4,168
4,54
4,25
4,19
4,53
4,116
4,178
4,53
4,174
4,168
4,200
4,200
4,54
4,122
4,3
4,156
4,19
4,122
4,122
4,116
4,181
4,139
4,181
4,200
4,168
4,19
4,12
4,12
5,128
5,175
5,46
5,50
5,20
5,141
5,19
5,19
5,19
5,44
5,62
5,11
5,20
5,141
5,20
5,114
5,44
5,19
5,158
5,50
5,158
5,86
5,44
5,50
5,124
5,20
5,136
5,124
5,44
5,52
5,128
5,11
5,19
5,11
5,175
5,175
5,199
5,50
5,52
5,11
5,128
5,128
5,86
5,35
5,19
5,124
5,124
5,141
5,62
5,2
5,46
5,114
5,44
5,124
5,2
5,199
5,158
5,19
5,37
5,158
5,44
5,37
5,35
5,62
5,86
5,199
5,128
5,2
5,2
5,167
5,46
5,199
5,62
5,141
5,199
5,62
5,46
5,19
5,46
5,35
5,20
5,199
5,46
5,158
5,62
5,114
5,46
5,158
5,124
5,37
5,199
5,128
5,50
5,175
5,141
5,114
5,20
5,44
5,175
5,175
5,52
5,167
5,11
5,19
5,52
5,46
5,35
5,46
5,37
5,20
5,2
5,62
5,35
5,37
5,52
5,167
5,44
5,62
5,52
5,175
5,46
5,50
5,199
5,114
5,128
5,44
5,141
5,141
5,52
5,20
5,19
5,52
5,52
5,19
5,44
5,199
5,114
5,62
5,158
5,167
5,141
5,199
5,44
5,35
5,175
5,11
5,52
5,175
5,37
5,37
5,86
5,35
5,141
5,128
5,175
5,175
5,50
5,2
5,50
5,86
5,20
5,50
5,86
5,46
5,199
5,11
5,46
5,11
5,35
5,19
5,35
5,52
5,141
5,37
5,86
5,52
5,52
5,199
5,35
5,20
5,19
5,20
5,86
5,35
5,52
5,37
5,37
5,50
5,20
5,199
5,11
5,11
5,44
5,167
5,158
5,167
5,50
5,86
5,20
5,2
5,19
5,158
5,124
5,52
5,52
5,128
5,158
5,46
5,35
5,19
5,35
5,20
5,44
5,20
5,2
5,11
5,128
5,46
5,199
5,11
5,158
5,35
5,62
5,50
5,46
5,86
5,46
5,141
5,141
5,62
5,11
5,19
5,20
5,124
5,158
5,46
5,19
5,46
5,141
5,199
5,2
5,46
5,50
5,44
5,175
5,11
5,44
5,52
5,11
5,86
5,2
5,44
5,52
5,199
5,44
5,2
5,86
5,62
5,167
5,44
5,167
5,52
5,44
5,124
5,11
5,50
5,124
5,20
5,128
5,124
5,11
5,86
5,114
5,2
5,158
5,114
5,158
5,35
5,44
5,199
5,52
5,199
5,86
5,128
5,141
5,167
5,86
5,128
5,50
5,167
5,141
5,11
5,175
5,62
5,167
5,2
5,20
5,37
5,167
5,44
5,124
5,19
5,114
5,50
5,141
5,128
5,52
5,86
5,86
5,37
5,52
5,52
5,35
5,20
5,19
5,124
5,37
5,44
5,46
5,11
5,44
5,128
5,44
5,2
5,35
5,141
5,86
5,19
5,158
5,44
5,11
5,124
5,124
5,141
5,158
5,167
5,114
5,44
5,199
5,37
5,124
5,44
5,19
5,114
5,128
5,86
5,46
5,86
5,128
5,62
5,141
5,62
5,114
5,11
5,86
5,52
5,158
5,62
5,50
5,52
5,11
5,114
5,62
5,19
5,20
5,86
5,199
5,114
5,167
5,20
5,124
5,11
5,114
5,52
5,86
5,124
5,158
5,62
5,199
5,175
5,175
5,114
5,20
5,124
5,141
5,86
5,20
5,86
5,52
5,124
5,52
5,37
5,128
5,19
5,20
5,114
5,11
5,128
5,2
5,11
5,86
5,199
5,19
5,167
5,37
5,141
5,11
5,62
5,175
5,128
5,158
5,2
5,167
5,35
5,141
5,44
5,52
5,141
5,158
5,114
5,62
5,167
5,124
5,37
5,124
5,114
5,199
5,124
5,199
5,50
5,2
5,199
5,50
5,35
5,175
5,158
5,167
5,2
5,62
5,11
5,167
5,50
5,11
5,62
5,167
5,114
5,141
5,175
5,46
5,62
5,158
5,86
5,35
5,158
5,167
5,20
5,141
5,35
5,35
5,199
5,124
5,114
5,50
5,37
5,52
5,86
5,128
5,44
5,35
5,128
5,52
5,37
5,44
5,167
5,37
5,114
5,44
5,114
5,20
5,20
5,199
5,20
5,114
5,19
5,11
5,86
5,11
5,199
5,124
5,44
5,167
5,86
5,114
5,35
5,2
5,86
5,19
5,175
5,35
5,19
5,199
5,35
5,128
5,19
5,35
5,114
5,199
5,46
5,199
5,52
5,2
5,124
5,46
5,62
5,141
5,141
5,62
5,158
5,167
5,2
5,19
5,114
5,158
5,20
5,128
5,128
5,37
5,35
5,167
5,50
5,52
5,199
5,52
5,37
5,62
5,35
5,46
5,11
5,141
5,158
5,141
5,37
5,128
5,11
5,141
5,44
5,86
5,175
5,44
5,19
5,46
5,128
5,86
5,175
5,167
5,158
5,44
5,167
5,128
5,35
5,19
5,11
5,20
5,46
5,19
5,167
5,199
5,20
5,52
5,128
5,37
5,158
5,52
5,86
5,19
5,20
5,141
5,52
5,167
5,128
5,175
5,128
5,124
5,19
5,11
5,20
5,175
5,46
5,158
5,44
5,199
5,37
5,35
5,124
5,2
5,37
5,128
5,2
5,50
5,2
5,2
5,35
5,167
5,37
5,50
5,50
5,44
5,37
5,52
5,175
5,37
5,46
5,141
5,167
5,35
5,167
5,175
5,52
5,35
5,175
5,11
5,20
5,19
5,2
5,128
5,175
5,175
5,50
5,11
5,37
5,20
5,35
5,158
5,20
5,46
5,20
5,19
5,44
5,37
5,86
5,46
5,52
5,124
5,2
5,52
5,11
5,19
5,35
5,114
5,62
5,175
5,62
5,35
5,175
5,52
5,62
5,141
5,62
5,175
5,52
5,199
5,86
5,199
5,175
5,52
5,19
5,46
5,86
5,35
5,141
5,114
5,50
5,2
5,124
5,124
5,11
5,199
5,141
5,50
5,124
5,114
5,20
5,52
5,11
5,114
5,35
5,2
5,44
5,141
5,46
5,35
5,2
5,62
5,199
5,128
5,35
5,20
5,62
5,11
5,35
5,11
5,175
5,52
5,35
5,52
5,86
5,199
5,141
5,199
5,62
5,20
5,19
5,37
5,199
5,44
5,158
5,19
5,62
5,2
5,158
5,19
5,158
5,128
5,52
5,128
5,62
5,62
5,46
5,2
5,128
5,11
5,11
5,158
5,175
5,20
5,124
5,86
5,175
5,46
5,86
5,37
5,35
5,37
5,46
5,11
5,52
5,141
5,62
5,35
5,167
5,114
5,62
5,128
5,19
5,20
5,46
5,19
5,11
5,44
5,35
5,114
5,11
5,52
5,35
5,167
5,11
5,167
5,62
5,167
5,114
5,199
5,35
5,167
5,175
5,114
5,20
5,114
5,46
5,50
5,52
5,20
5,128
5,167
5,46
5,124
5,141
5,35
5,11
5,86
5,2
5,2
5,158
5,124
5,2
5,158
5,114
5,19
5,2
5,20
5,37
5,167
5,11
5,175
5,62
5,37
5,114
5,44
5,37
5,175
5,20
5,46
5,35
5,2
5,199
5,46
5,175
5,2
5,141
5,52
5,35
5,62
5,128
5,46
5,19
5,44
5,19
5,20
5,128
5,19
5,158
5,158
5,44
5,44
5,50
5,11
5,175
5,141
5,62
5,158
5,52
5,167
5,50
5,158
5,35
5,124
5,175
5,167
5,11
5,167
5,124
5,114
5,2
5,37
5,114
5,124
5,199
5,2
5,128
5,158
5,35
5,158
5,62
5,62
5,35
5,50
5,46
5,199
5,114
5,199
5,167
5,175
5,11
5,86
5,50
5,46
5,128
5,128
5,20
5,44
5,46
5,175
5,128
5,35
5,46
5,35
5,175
5,37
5,35
5,114
5,158
5,20
5,128
5,199
5,52
5,50
5,86
5,114
5,141
5,199
5,114
5,124
5,50
5,62
5,35
5,199
5,62
5,86
5,175
5,52
5,199
5,37
5,128
5,46
5,114
5,2
5,62
5,114
5,37
5,128
5,158
5,62
5,167
5,35
5,62
5,19
5,62
5,141
5,158
5,175
5,52
5,20
5,86
5,128
5,2
5,128
5,175
5,128
5,19
5,19
5,50
5,20
5,175
5,128
5,20
5,128
5,124
5,124
5,19
5,124
5,114
5,20
5,2
5,11
5,167
5,114
5,175
5,52
5,114
5,124
5,128
5,2
5,175
5,62
5,175
5,114
5,86
5,46
5,62
5,199
5,19
5,19
5,128
5,128
5,62
5,62
5,37
5,2
5,35
5,19
5,114
5,52
5,2
5,19
5,62
5,114
5,114
5,199
5,86
5,62
5,167
5,158
5,175
5,128
5,141
5,114
5,175
5,11
5,2
5,158
5,19
6,94
6,77
6,195
6,40
6,135
6,157
6,157
6,187
6,94
6,47
6,187
6,60
6,60
6,60
6,113
6,76
6,195
6,77
6,113
6,47
6,89
6,8
6,195
6,94
6,135
6,94
6,62
6,157
6,113
6,135
6,76
6,135
6,40
6,187
6,195
6,110
6,8
6,40
6,94
6,208
6,60
6,187
6,187
6,60
6,157
6,60
6,157
6,40
6,8
6,47
6,60
6,113
6,77
6,187
6,187
6,187
6,76
6,110
6,94
6,113
6,135
6,8
6,157
6,76
6,47
6,195
6,110
6,157
6,8
6,8
6,135
6,195
6,47
6,208
6,187
6,110
6,94
6,135
6,47
6,89
6,77
6,76
6,89
6,157
6,76
6,60
6,47
6,113
6,8
6,47
6,94
6,76
6,195
6,135
6,89
6,76
6,8
6,113
6,77
6,77
6,76
6,113
6,8
6,76
6,110
6,45
6,113
6,110
6,113
6,45
6,76
6,113
6,113
6,89
6,68
6,157
6,45
6,40
6,8
6,113
6,8
6,157
6,182
6,40
6,135
6,195
6,68
6,47
6,76
6,47
6,8
6,113
6,89
6,47
6,68
6,113
6,89
6,76
6,113
6,47
6,76
6,40
6,208
6,45
6,113
6,187
6,113
6,47
6,182
6,40
6,110
6,187
6,89
6,68
6,195
6,8
6,76
6,157
6,113
6,40
6,195
6,76
6,47
6,76
6,89
6,8
6,113
6,76
6,77
6,135
6,182
6,77
6,208
6,113
6,182
6,76
6,113
6,135
6,110
6,77
6,110
6,76
6,76
6,76
6,40
6,76
6,110
6,182
6,113
6,182
6,182
6,110
6,77
6,40
6,68
6,182
6,208
6,113
6,157
6,94
6,60
6,60
6,195
6,8
6,47
6,113
6,40
6,113
6,94
6,68
6,110
6,182
6,195
6,47
6,8
6,47
6,94
6,208
6,187
6,187
6,77
6,60
6,157
6,68
6,77
6,113
6,89
6,89
6,187
6,94
6,40
6,113
6,76
6,40
6,40
6,77
6,60
6,94
6,187
6,182
6,68
6,60
6,60
6,76
6,187
6,76
6,76
6,187
6,208
6,60
6,77
6,135
6,110
6,113
6,113
6,110
6,77
6,47
6,45
6,195
6,187
6,113
6,110
6,89
6,76
6,77
6,182
6,40
6,208
6,60
6,195
6,113
6,47
6,8
6,135
6,94
6,94
6,110
6,8
6,45
6,208
6,40
6,113
6,45
6,113
6,195
6,60
6,68
6,8
6,45
6,182
6,195
6,113
6,110
6,182
6,76
6,187
6,40
6,113
6,113
6,76
6,157
6,47
6,76
6,8
6,94
6,208
6,94
6,182
6,135
6,182
6,60
6,68
6,187
6,47
6,195
6,94
6,68
6,76
6,195
6,77
6,76
6,195
6,76
6,157
6,110
6,113
6,47
6,113
6,40
6,60
6,40
6,94
6,195
6,195
6,135
6,113
6,45
6,208
6,187
6,94
6,76
6,68
6,110
6,8
6,113
6,113
6,94
6,60
6,40
6,89
6,208
6,45
6,77
6,40
6,195
6,8
6,47
6,47
6,77
6,47
6,68
6,94
6,208
6,113
6,187
6,68
6,182
6,135
6,60
6,187
6,76
6,110
6,135
6,76
6,8
6,157
6,94
6,208
6,157
6,68
6,76
6,68
6,94
6,182
6,60
6,76
6,89
6,208
6,76
6,76
6,113
6,76
6,187
6,76
6,182
6,135
6,45
6,8
6,135
6,8
6,135
6,60
6,94
6,47
6,76
6,76
6,89
6,157
6,40
6,60
6,60
6,76
6,94
6,182
6,77
6,208
6,47
6,94
6,76
6,110
6,187
6,89
6,40
6,68
6,60
6,195
6,40
6,76
6,113
6,94
6,110
6,113
6,113
6,76
6,77
6,60
6,113
6,94
6,8
6,110
6,182
6,47
6,182
6,208
6,182
6,187
6,187
6,208
6,8
6,195
6,40
6,182
6,45
6,113
6,60
6,208
6,76
6,77
6,68
6,113
6,195
6,94
6,45
6,208
6,195
6,40
6,208
6,45
6,157
6,68
6,76
6,195
6,110
6,110
6,68
6,89
6,187
6,89
6,77
6,8
6,110
6,45
6,195
6,8
6,47
6,113
6,113
6,187
6,195
6,77
6,182
6,76
6,76
6,110
6,208
6,76
6,187
6,77
6,182
6,195
6,76
6,40
6,182
6,208
6,68
6,89
6,40
6,110
6,113
6,8
6,47
6,208
6,113
6,47
6,94
6,208
6,208
6,60
6,47
6,8
6,113
6,77
6,47
6,68
6,135
6,187
6,8
6,40
6,94
6,77
6,135
6,76
6,187
6,110
6,113
6,195
6,208
6,68
6,60
6,40
6,40
6,135
6,45
6,68
6,47
6,113
6,60
6,76
6,157
6,89
6,8
6,135
6,76
6,113
6,76
6,157
6,47
6,195
6,113
6,157
6,182
6,187
6,182
6,8
6,76
6,113
6,113
6,68
6,60
6,182
6,187
6,110
6,89
6,68
6,187
6,77
6,195
6,68
6,40
6,113
6,195
6,89
6,94
6,47
6,182
6,113
6,113
6,77
6,195
6,157
6,113
6,68
6,8
6,60
6,135
6,135
6,208
6,135
6,76
6,68
6,110
6,208
6,8
6,208
6,76
6,45
6,40
6,113
6,110
6,89
6,113
6,89
6,76
6,113
6,94
6,47
6,208
6,8
6,182
6,76
6,135
6,208
6,76
6,113
6,94
6,89
6,89
6,45
6,77
6,94
6,208
6,208
6,47
6,68
6,195
6,40
6,76
6,40
6,76
6,182
6,8
6,77
6,182
6,157
6,47
6,113
6,89
6,76
6,40
6,8
6,89
6,76
6,45
6,68
6,113
6,40
6,208
6,68
6,157
6,40
6,94
6,182
6,195
6,77
6,208
6,8
6,47
6,76
6,187
6,182
6,182
6,89
6,182
6,47
6,195
6,208
6,40
6,157
6,94
6,113
6,68
6,94
6,76
6,77
6,113
6,45
6,135
6,94
6,40
6,94
6,89
6,187
6,113
6,113
6,208
6,113
6,68
6,77
6,135
6,113
6,110
6,68
6,47
6,113
6,135
6,110
6,110
6,113
6,208
6,68
6,40
6,40
6,76
6,113
6,208
6,40
6,182
6,45
6,110
6,157
6,94
6,94
6,8
6,45
6,182
6,208
6,76
6,157
6,68
6,89
6,76
6,195
6,182
6,68
6,76
6,40
6,157
6,208
6,77
6,89
6,40
6,89
6,60
6,113
6,113
6,195
6,187
6,195
6,76
6,68
6,157
6,77
6,135
6,45
6,187
6,76
6,110
6,89
6,77
6,187
6,94
6,94
6,135
6,77
6,76
6,76
6,40
6,135
6,113
6,8
6,113
6,113
6,94
6,208
6,135
6,60
6,76
6,182
6,8
6,157
6,68
6,60
6,76
6,76
6,40
6,76
6,113
6,113
6,76
6,68
6,135
6,60
6,135
6,187
6,94
6,45
6,195
6,94
6,135
6,195
6,187
6,157
6,47
6,60
6,182
6,208
6,113
6,45
6,195
6,187
6,60
6,45
6,135
6,45
6,182
6,45
6,40
6,113
6,113
6,77
6,195
6,60
6,76
6,187
6,110
6,45
6,208
6,45
6,195
6,45
6,208
6,182
6,195
6,135
6,60
6,113
6,135
6,135
6,195
6,182
6,45
6,94
6,60
6,40
6,182
6,157
6,60
6,45
6,8
6,94
6,113
6,77
6,157
6,195
6,187
6,45
6,40
6,60
6,45
6,60
6,94
6,195
6,135
6,182
6,113
6,60
6,60
6,68
6,45
6,182
6,113
6,45
6,76
6,60
6,40
6,45
6,40
6,77
6,68
6,195
6,40
6,45
6,47
6,68
6,40
6,157
6,208
6,76
6,195
6,182
6,135
6,182
6,76
6,187
6,68
6,135
6,77
6,187
6,110
6,47
6,68
6,47
6,40
6,8
6,187
6,182
6,157
6,60
6,208
6,89
6,60
6,60
6,208
6,113
6,40
6,8
6,60
6,77
6,187
6,40
6,45
6,113
6,157
6,113
6,68
6,110
6,135
6,40
6,208
6,94
6,187
6,208
6,40
6,47
6,187
6,8
6,195
6,187
6,45
6,60
6,195
6,40
6,208
6,89
6,113
6,113
6,208
6,60
6,113
6,76
6,77
6,76
6,77
6,47
6,110
6,89
6,135
6,113
6,113
6,157
6,8
6,135
6,113
6,47
6,208
6,135
6,110
6,94
6,89
6,113
6,135
6,60
6,135
6,182
6,110
6,40
6,113
6,45
6,187
6,182
6,40
6,45
6,113
6,113
6,113
6,8
6,113
6,135
6,208
6,47
6,60
6,94
6,208
6,47
6,40
6,113
6,113
6,8
6,89
7,98
7,195
7,191
7,77
7,126
7,73
7,195
7,149
7,143
7,166
7,134
7,149
7,166
7,143
7,215
7,195
7,126
7,134
7,166
7,143
7,134
7,195
7,195
7,215
7,126
7,126
7,8
7,71
7,22
7,170
7,22
7,104
7,77
7,98
7,134
7,143
7,22
7,170
7,77
7,71
7,108
7,215
7,71
7,148
7,108
7,163
7,108
7,149
7,148
7,163
7,143
7,163
7,143
7,191
7,148
7,126
7,77
7,143
7,149
7,77
7,215
7,149
7,22
7,163
7,104
7,98
7,143
7,143
7,73
7,126
7,73
7,195
7,143
7,98
7,104
7,166
7,104
7,195
7,191
7,77
7,149
7,215
7,73
7,108
7,22
7,227
7,126
7,215
7,108
7,166
7,149
7,170
7,98
7,215
7,143
7,73
7,22
7,149
7,148
7,108
7,134
7,163
7,134
7,71
7,227
7,143
7,215
7,195
7,191
7,98
7,143
7,77
7,215
7,191
7,195
7,98
7,77
7,71
7,170
7,77
7,170
7,215
7,170
7,143
7,126
7,148
7,195
7,108
7,77
7,149
7,166
7,73
7,126
7,149
7,215
7,108
7,143
7,73
7,163
7,77
7,215
7,195
7,126
7,71
7,98
7,143
7,126
7,126
7,22
7,148
7,71
7,163
7,134
7,104
7,163
7,77
7,149
7,134
7,149
7,108
7,166
7,143
7,77
7,227
7,163
7,108
7,148
7,71
7,134
7,73
7,143
7,170
7,71
7,134
7,170
7,195
7,215
7,170
7,134
7,143
7,227
7,191
7,73
7,191
7,71
7,149
7,73
7,143
7,163
7,126
7,191
7,195
7,143
7,126
7,166
7,148
7,108
7,195
7,71
7,143
7,227
7,134
7,126
7,215
7,71
7,73
7,143
7,191
7,170
7,126
7,163
7,77
7,227
7,163
7,163
7,191
7,163
7,166
7,163
7,104
7,191
7,104
7,148
7,215
7,170
7,104
7,143
7,73
7,126
7,22
7,149
7,71
7,134
7,22
7,73
7,104
7,22
7,134
7,143
7,71
7,163
7,77
7,126
7,73
7,166
7,98
7,126
7,73
7,166
7,104
7,73
7,22
7,143
7,98
7,73
7,195
7,170
7,134
7,148
7,73
7,195
7,166
7,163
7,98
7,143
7,134
7,166
7,22
7,166
7,98
7,98
7,143
7,149
7,143
7,166
7,148
7,170
7,166
7,77
7,77
7,143
7,149
7,148
7,227
7,170
7,108
7,98
7,195
7,215
7,163
7,195
7,195
7,149
7,149
7,170
7,108
7,191
7,108
7,134
7,104
7,148
7,227
7,143
7,215
7,166
7,77
7,195
7,108
7,22
7,163
7,163
7,163
7,143
7,98
7,227
7,148
7,22
7,104
7,104
7,170
7,166
7,77
7,148
7,191
7,149
7,22
7,22
7,126
7,148
7,104
7,163
7,163
7,170
7,143
7,108
7,143
7,77
7,108
7,143
7,77
7,126
7,71
7,143
7,170
7,77
7,163
7,134
7,73
7,149
7,191
7,163
7,163
7,104
7,126
7,77
7,73
7,77
7,215
7,77
7,170
7,104
7,143
7,163
7,22
7,191
7,126
7,195
7,77
7,143
7,108
7,98
7,195
7,22
7,148
7,215
7,170
7,98
7,126
7,73
7,143
7,77
7,126
7,134
7,163
7,134
7,143
7,126
7,143
7,22
7,166
7,215
7,170
7,77
7,143
7,148
7,170
7,126
7,98
7,77
7,126
7,126
7,163
7,22
7,134
7,143
7,143
7,143
7,163
7,148
7,77
7,195
7,77
7,170
7,227
7,134
7,191
7,71
7,195
7,104
7,148
7,148
7,98
7,215
7,77
7,166
7,215
7,195
7,108
7,126
7,134
7,163
7,143
7,22
7,73
7,143
7,98
7,227
7,170
7,73
7,143
7,143
7,215
7,148
7,148
7,104
7,126
7,149
7,191
7,73
7,22
7,73
7,195
7,191
7,148
7,108
7,149
7,148
7,149
7,143
7,126
7,143
7,166
7,22
7,163
7,77
7,215
7,22
7,215
7,143
7,98
7,104
7,77
7,22
7,104
7,108
7,148
7,215
7,98
7,215
7,227
7,163
7,104
7,134
7,195
7,77
7,166
7,104
7,143
7,148
7,98
7,191
7,191
7,22
7,73
7,71
7,215
7,143
7,98
7,73
7,227
7,73
7,163
7,215
7,143
7,108
7,77
7,215
7,163
7,166
7,195
7,149
7,163
7,77
7,98
7,104
7,143
7,77
7,98
7,22
7,227
7,104
7,170
7,170
7,170
7,71
7,134
7,71
7,98
7,126
7,77
7,104
7,149
7,143
7,77
7,77
7,108
7,215
7,227
7,126
7,149
7,134
7,126
7,170
7,98
7,163
7,22
7,126
7,227
7,104
7,148
7,143
7,98
7,22
7,71
7,22
7,134
7,71
7,73
7,191
7,134
7,166
7,22
7,149
7,227
7,163
7,126
7,73
7,22
7,166
7,148
7,170
7,166
7,134
7,98
7,148
7,148
7,163
7,77
7,104
7,215
7,149
7,104
7,143
7,163
7,104
7,148
7,149
7,98
7,73
7,143
7,22
7,77
7,108
7,148
7,148
7,73
7,163
7,98
7,163
7,148
7,71
7,215
7,22
7,134
7,149
7,195
7,143
7,71
7,73
7,108
7,148
7,22
7,166
7,148
7,149
7,22
7,77
7,163
7,73
7,170
7,143
7,22
7,215
7,71
7,71
7,166
7,22
7,149
7,22
7,148
7,126
7,163
7,163
7,104
7,108
7,191
7,77
7,166
7,163
7,227
7,191
7,134
7,126
7,126
7,227
7,227
7,163
7,166
7,108
7,134
7,108
7,170
7,195
7,143
7,98
7,149
7,73
7,191
7,191
7,143
7,104
7,148
7,71
7,134
7,166
7,170
7,71
7,22
7,134
7,73
7,71
7,143
7,195
7,108
7,134
7,126
7,143
7,191
7,163
7,148
7,22
7,73
7,149
7,195
7,98
7,143
7,134
7,148
7,104
7,104
7,98
7,191
7,143
7,104
7,215
7,195
7,71
7,148
7,149
7,149
7,149
7,73
7,134
7,143
7,148
7,143
7,170
7,73
7,149
7,71
7,108
7,163
7,104
7,170
7,71
7,227
7,191
7,77
7,170
7,143
7,126
7,143
7,191
7,22
7,98
7,149
7,104
7,166
7,134
7,126
7,104
7,149
7,227
7,148
7,22
7,191
7,166
7,170
7,191
7,143
7,71
7,134
7,108
7,191
7,148
7,77
7,143
7,104
7,166
7,143
7,163
7,104
7,143
7,166
7,108
7,104
7,170
7,104
7,104
7,77
7,143
7,126
7,134
7,195
7,195
7,215
7,195
7,143
7,22
7,170
7,77
7,227
7,149
7,126
7,170
7,73
7,71
7,73
7,98
7,227
7,227
7,143
7,163
7,149
7,227
7,163
7,148
7,77
7,195
7,163
7,149
7,148
7,170
7,98
7,195
7,166
7,98
7,73
7,73
7,22
7,170
7,77
7,126
7,143
7,126
7,166
7,108
7,215
7,134
7,195
7,126
7,104
7,98
7,143
7,108
7,191
7,148
7,77
7,108
7,170
7,104
7,134
7,170
7,134
7,108
7,149
7,149
7,134
7,166
7,148
7,71
7,195
7,148
7,134
7,195
7,22
7,143
7,108
7,126
7,126
7,77
7,143
7,143
7,166
7,143
7,71
7,73
7,191
7,166
7,215
7,148
7,149
7,22
7,170
7,195
7,134
7,71
7,134
7,71
7,148
7,22
7,73
7,191
7,126
7,134
7,134
7,71
7,191
7,104
7,104
7,22
7,166
7,108
7,149
7,195
7,126
7,166
7,134
7,195
7,227
7,148
7,215
7,22
7,148
7,134
7,143
7,227
7,126
7,126
7,104
7,163
7,143
7,195
7,166
7,143
7,98
7,227
7,143
7,163
7,215
7,77
7,104
7,126
7,227
7,148
7,108
7,148
7,126
7,143
7,126
7,148
7,191
7,108
7,227
7,134
7,149
7,227
7,108
7,126
7,166
7,191
7,104
7,163
7,73
7,73
7,143
7,71
7,227
7,163
7,191
7,148
7,73
7,149
7,143
7,98
7,134
7,77
7,98
7,98
7,71
7,148
7,104
7,149
7,143
7,143
7,71
7,77
7,104
7,22
7,143
7,148
7,215
7,134
7,143
7,149
7,77
7,71
7,73
7,215
7,98
7,71
7,148
7,170
7,71
7,143
7,215
7,170
7,108
7,22
7,191
7,71
7,166
7,215
7,215
7,215
7,170
7,73
7,215
7,126
7,108
7,22
7,104
7,108
7,71
7,126
7,77
7,227
7,104
7,126
7,227
7,148
7,143
7,22
7,163
7,143
7,166
7,71
7,195
7,104
7,149
8,87
8,115
8,59
8,196
8,39
8,213
8,196
8,196
8,97
8,196
8,10
8,13
8,39
8,196
8,196
8,152
8,10
8,128
8,93
8,91
8,152
8,171
8,115
8,10
8,10
8,76
8,166
8,115
8,87
8,119
8,39
8,76
8,7
8,7
8,97
8,10
8,35
8,119
8,213
8,76
8,91
8,59
8,87
8,97
8,59
8,213
8,76
8,173
8,173
8,10
8,171
8,115
8,87
8,152
8,97
8,173
8,7
8,128
8,13
8,13
8,100
8,128
8,100
8,91
8,171
8,7
8,100
8,213
8,119
8,7
8,128
8,119
8,10
8,35
8,173
8,100
8,115
8,152
8,91
8,87
8,7
8,171
8,213
8,171
8,10
8,173
8,97
8,91
8,59
8,171
8,213
8,115
8,59
8,35
8,115
8,97
8,152
8,91
8,173
8,91
8,10
8,213
8,97
8,97
8,171
8,10
8,173
8,59
8,196
8,35
8,100
8,13
8,93
8,173
8,173
8,196
8,87
8,100
8,10
8,196
8,100
8,171
8,91
8,13
8,196
8,119
8,93
8,152
8,59
8,119
8,39
8,76
8,93
8,87
8,196
8,10
8,10
8,173
8,59
8,76
8,128
8,39
8,87
8,171
8,213
8,213
8,152
8,115
8,128
8,59
8,196
8,10
8,97
8,128
8,13
8,87
8,7
8,39
8,171
8,76
8,115
8,152
8,39
8,7
8,76
8,91
8,152
8,7
8,76
8,93
8,93
8,35
8,196
8,152
8,100
8,97
8,97
8,196
8,35
8,91
8,152
8,10
8,115
8,171
8,100
8,87
8,91
8,97
8,128
8,91
8,171
8,196
8,196
8,171
8,7
8,13
8,196
8,100
8,7
8,35
8,100
8,91
8,100
8,13
8,76
8,100
8,91
8,213
8,100
8,93
8,128
8,39
8,13
8,91
8,39
8,59
8,97
8,10
8,91
8,171
8,196
8,196
8,119
8,119
8,13
8,39
8,13
8,93
8,152
8,91
8,152
8,59
8,171
8,76
8,152
8,100
8,213
8,128
8,59
8,59
8,59
8,97
8,97
8,100
8,39
8,97
8,119
8,93
8,10
8,115
8,100
8,13
8,39
8,213
8,173
8,91
8,171
8,13
8,115
8,152
8,115
8,100
8,10
8,115
8,128
8,128
8,35
8,13
8,13
8,13
8,119
8,76
8,213
8,128
8,115
8,13
8,196
8,97
8,171
8,39
8,87
8,152
8,97
8,10
8,97
8,152
8,87
8,196
8,87
8,213
8,115
8,119
8,152
8,196
8,115
8,173
8,7
8,93
8,196
8,39
8,115
8,97
8,173
8,128
8,59
8,97
8,7
8,7
8,35
8,93
8,7
8,100
8,93
8,10
8,13
8,13
8,59
8,196
8,87
8,171
8,97
8,128
8,97
8,152
8,35
8,7
8,119
8,7
8,128
8,76
8,10
8,171
8,59
8,115
8,196
8,152
8,100
8,7
8,35
8,119
8,7
8,87
8,152
8,59
8,59
8,100
8,59
8,10
8,128
8,119
8,35
8,152
8,39
8,76
8,128
8,173
8,171
8,76
8,152
8,13
8,7
8,59
8,196
8,173
8,97
8,76
8,128
8,13
8,128
8,39
8,115
8,59
8,10
8,128
8,100
8,10
8,7
8,171
8,35
8,173
8,196
8,100
8,91
8,128
8,171
8,39
8,213
8,39
8,59
8,39
8,171
8,213
8,128
8,39
8,7
8,173
8,59
8,7
8,13
8,10
8,213
8,152
8,10
8,87
8,152
8,100
8,97
8,7
8,10
8,100
8,213
8,173
8,173
8,97
8,91
8,119
8,10
8,91
8,76
8,100
8,76
8,115
8,93
8,128
8,87
8,173
8,128
8,91
8,119
8,196
8,91
8,119
8,128
8,173
8,115
8,128
8,171
8,97
8,91
8,13
8,93
8,196
8,91
8,10
8,35
8,93
8,91
8,152
8,13
8,10
8,171
8,171
8,213
8,100
8,91
8,87
8,213
8,115
8,91
8,10
8,173
8,93
8,91
8,171
8,173
8,76
8,10
8,59
8,59
8,152
8,13
8,173
8,87
8,93
8,91
8,119
8,171
8,196
8,76
8,97
8,87
8,196
8,13
8,87
8,119
8,39
8,152
8,152
8,91
8,91
8,13
8,97
8,87
8,93
8,196
8,196
8,59
8,10
8,173
8,173
8,7
8,152
8,13
8,59
8,91
8,119
8,7
8,10
8,7
8,91
8,128
8,10
8,196
8,213
8,10
8,35
8,100
8,97
8,128
8,152
8,171
8,59
8,115
8,10
8,152
8,91
8,97
8,87
8,35
8,171
8,59
8,128
8,213
8,115
8,10
8,119
8,213
8,128
8,173
8,76
8,10
8,100
8,10
8,13
8,91
8,7
8,171
8,171
8,152
8,119
8,128
8,59
8,115
8,7
8,119
8,196
8,7
8,100
8,213
8,119
8,171
8,171
8,93
8,87
8,173
8,87
8,97
8,93
8,119
8,7
8,119
8,119
8,119
8,59
8,97
8,173
8,87
8,213
8,91
8,115
8,91
8,152
8,10
8,196
8,115
8,76
8,91
8,173
8,7
8,76
8,152
8,39
8,173
8,119
8,91
8,93
8,196
8,100
8,115
8,97
8,97
8,7
8,7
8,7
8,87
8,171
8,93
8,196
8,128
8,35
8,7
8,128
8,7
8,13
8,39
8,115
8,128
8,87
8,39
8,97
8,93
8,93
8,87
8,119
8,213
8,35
8,76
8,10
8,76
8,91
8,13
8,35
8,87
8,213
8,171
8,59
8,39
8,100
8,91
8,39
8,119
8,10
8,7
8,213
8,115
8,59
8,87
8,39
8,100
8,213
8,10
8,35
8,59
8,35
8,76
8,152
8,35
8,39
8,35
8,87
8,87
8,152
8,152
8,196
8,196
8,93
8,93
8,128
8,152
8,7
8,213
8,196
8,100
8,35
8,10
8,13
8,93
8,10
8,35
8,13
8,119
8,59
8,213
8,119
8,213
8,39
8,152
8,100
8,196
8,196
8,13
8,59
8,10
8,213
8,128
8,13
8,10
8,152
8,35
8,196
8,91
8,119
8,39
8,10
8,213
8,100
8,213
8,213
8,128
8,171
8,93
8,87
8,7
8,13
8,128
8,10
8,173
8,76
8,119
8,13
8,128
8,87
8,173
8,97
8,152
8,115
8,39
8,171
8,128
8,173
8,196
8,152
8,93
8,39
8,173
8,91
8,39
8,91
8,128
8,7
8,119
8,171
8,100
8,13
8,173
8,152
8,152
8,93
8,59
8,87
8,7
8,196
8,39
8,87
8,87
8,119
8,100
8,35
8,39
8,119
8,196
8,152
8,119
8,39
8,173
8,10
8,76
8,196
8,119
8,100
8,152
8,115
8,7
8,39
8,13
8,152
8,35
8,91
8,171
8,59
8,173
8,213
8,213
8,35
8,76
8,152
8,76
8,87
8,119
8,171
8,100
8,13
8,76
8,100
8,119
8,91
8,171
8,171
8,7
8,152
8,97
8,97
8,152
8,196
8,128
8,97
8,13
8,119
8,87
8,87
8,97
8,119
8,93
8,59
8,39
8,97
8,173
8,119
8,91
8,152
8,39
8,213
8,152
8,76
8,10
8,59
8,128
8,93
8,196
8,97
8,13
8,7
8,128
8,119
8,39
8,196
8,93
8,119
8,35
8,87
8,87
8,91
8,128
8,35
8,171
8,91
8,97
8,100
8,173
8,13
8,173
8,171
8,59
8,152
8,115
8,93
8,59
8,97
8,213
8,35
8,173
8,13
8,152
8,35
8,171
8,100
8,91
8,76
8,7
8,59
8,100
8,35
8,119
8,13
8,128
8,97
8,76
8,173
8,35
8,213
8,13
8,13
8,119
8,93
8,93
8,7
8,87
8,115
8,128
8,100
8,76
8,39
8,100
8,196
8,173
8,97
8,7
8,13
8,100
8,39
8,35
8,76
8,76
8,10
8,152
8,213
8,196
8,93
8,128
8,87
8,7
8,93
8,100
8,93
8,59
8,97
8,171
8,87
8,7
8,196
8,100
8,35
8,119
8,173
8,171
8,115
8,128
8,7
8,91
8,87
8,87
8,119
8,115
8,93
8,87
8,173
8,35
8,173
8,128
8,97
8,87
8,91
8,100
8,76
8,171
8,10
8,7
8,91
8,100
8,91
8,7
8,196
8,10
8,119
8,173
8,213
8,35
8,59
8,35
8,87
8,213
8,213
8,196
8,152
8,196
8,115
8,152
8,173
8,7
8,213
8,196
8,152
8,171
8,213
8,171
8,213
8,119
8,213
8,93
8,213
8,119
8,13
8,39
8,171
8,97
8,152
8,10
8,173
8,171
8,93
8,173
8,152
8,152
8,87
8,39
8,35
8,152
8,59
8,76
8,35
9,65
9,96
9,144
9,133
9,176
9,196
9,176
9,82
9,64
9,137
9,96
9,160
9,96
9,137
9,176
9,19
9,96
9,76
9,19
9,29
9,19
9,218
9,64
9,65
9,82
9,164
9,13
9,19
9,82
9,176
9,160
9,196
9,44
9,29
9,64
9,105
9,64
9,160
9,144
9,49
9,36
9,65
9,44
9,36
9,49
9,218
9,196
9,64
9,19
9,29
9,133
9,133
9,29
9,96
9,49
9,176
9,44
9,82
9,64
9,19
9,144
9,82
9,218
9,196
9,176
9,164
9,164
9,76
9,196
9,196
9,137
9,133
9,76
9,176
9,176
9,196
9,144
9,44
9,176
9,133
9,49
9,164
9,137
9,82
9,19
9,19
9,19
9,176
9,36
9,96
9,137
9,76
9,196
9,137
9,49
9,19
9,96
9,19
9,19
9,176
9,64
9,96
9,164
9,96
9,133
9,137
9,96
9,160
9,49
9,137
9,76
9,65
9,76
9,176
9,105
9,49
9,105
9,36
9,176
9,76
9,44
9,133
9,105
9,36
9,82
9,133
9,144
9,49
9,49
9,82
9,164
9,64
9,76
9,64
9,44
9,164
9,196
9,144
9,133
9,96
9,44
9,133
9,160
9,160
9,133
9,164
9,36
9,76
9,196
9,176
9,64
9,49
9,96
9,82
9,65
9,160
9,76
9,76
9,133
9,64
9,105
9,164
9,29
9,105
9,44
9,76
9,176
9,82
9,65
9,29
9,19
9,164
9,218
9,82
9,105
9,133
9,44
9,133
9,82
9,133
9,49
9,19
9,133
9,218
9,218
9,64
9,176
9,218
9,29
9,164
9,160
9,65
9,65
9,133
9,96
9,76
9,82
9,76
9,64
9,133
9,137
9,19
9,137
9,218
9,160
9,176
9,160
9,144
9,133
9,19
9,65
9,218
9,137
9,82
9,176
9,65
9,49
9,196
9,76
9,65
9,160
9,19
9,105
9,19
9,76
9,137
9,82
9,164
9,64
9,105
9,160
9,36
9,29
9,65
9,49
9,105
9,160
9,196
9,29
9,196
9,218
9,82
9,176
9,29
9,164
9,36
9,133
9,82
9,36
9,36
9,137
9,19
9,218
9,196
9,49
9,76
9,44
9,160
9,65
9,64
9,164
9,29
9,82
9,36
9,36
9,137
9,64
9,133
9,164
9,19
9,218
9,64
9,176
9,49
9,160
9,29
9,19
9,19
9,218
9,19
9,82
9,36
9,137
9,96
9,144
9,64
9,44
9,96
9,144
9,44
9,164
9,49
9,133
9,137
9,29
9,82
9,82
9,176
9,164
9,49
9,96
9,133
9,196
9,65
9,44
9,176
9,29
9,29
9,64
9,64
9,76
9,64
9,133
9,144
9,160
9,65
9,44
9,76
9,65
9,44
9,164
9,137
9,164
9,19
9,218
9,137
9,82
9,105
9,176
9,36
9,36
9,218
9,29
9,29
9,160
9,44
9,82
9,36
9,64
9,144
9,19
9,137
9,196
9,218
9,133
9,44
9,44
9,176
9,133
9,133
9,36
9,64
9,49
9,65
9,36
9,176
9,133
9,196
9,176
9,64
9,65
9,65
9,105
9,105
9,133
9,29
9,218
9,196
9,64
9,105
9,105
9,133
9,44
9,218
9,144
9,64
9,164
9,144
9,196
9,164
9,160
9,19
9,196
9,76
9,29
9,218
9,105
9,82
9,96
9,176
9,44
9,133
9,64
9,19
9,49
9,76
9,82
9,160
9,133
9,144
9,36
9,137
9,133
9,144
9,133
9,65
9,76
9,44
9,19
9,49
9,65
9,133
9,105
9,64
9,29
9,49
9,133
9,36
9,82
9,44
9,133
9,160
9,49
9,44
9,160
9,44
9,64
9,36
9,160
9,105
9,133
9,44
9,19
9,133
9,76
9,137
9,218
9,160
9,49
9,64
9,105
9,196
9,133
9,49
9,36
9,76
9,133
9,64
9,144
9,160
9,96
9,65
9,160
9,44
9,196
9,49
9,160
9,19
9,64
9,137
9,196
9,133
9,49
9,164
9,144
9,65
9,29
9,218
9,133
9,96
9,133
9,176
9,44
9,160
9,164
9,160
9,218
9,196
9,29
9,64
9,133
9,29
9,137
9,133
9,133
9,36
9,144
9,96
9,29
9,137
9,82
9,144
9,76
9,19
9,176
9,82
9,64
9,196
9,160
9,160
9,65
9,160
9,44
9,160
9,49
9,64
9,82
9,76
9,64
9,176
9,82
9,36
9,65
9,76
9,64
9,29
9,76
9,196
9,196
9,44
9,36
9,176
9,137
9,44
9,160
9,49
9,164
9,29
9,82
9,19
9,196
9,64
9,44
9,29
9,133
9,196
9,160
9,64
9,105
9,64
9,176
9,196
9,64
9,44
9,133
9,29
9,105
9,164
9,176
9,29
9,19
9,144
9,76
9,105
9,144
9,65
9,196
9,65
9,76
9,133
9,196
9,137
9,29
9,105
9,82
9,64
9,82
9,144
9,144
9,144
9,105
9,76
9,144
9,133
9,196
9,29
9,133
9,218
9,19
9,96
9,133
9,176
9,29
9,96
9,196
9,29
9,96
9,137
9,65
9,29
9,160
9,137
9,19
9,218
9,176
9,137
9,218
9,133
9,137
9,176
9,76
9,218
9,144
9,105
9,64
9,196
9,76
9,133
9,196
9,49
9,36
9,133
9,36
9,133
9,49
9,144
9,105
9,49
9,44
9,133
9,65
9,137
9,133
9,176
9,76
9,144
9,19
9,176
9,176
9,64
9,44
9,19
9,137
9,196
9,176
9,65
9,133
9,105
9,19
9,196
9,160
9,29
9,64
9,82
9,36
9,218
9,218
9,96
9,144
9,176
9,164
9,82
9,133
9,218
9,76
9,96
9,65
9,19
9,176
9,19
9,160
9,196
9,76
9,105
9,160
9,160
9,196
9,82
9,133
9,105
9,19
9,36
9,64
9,49
9,19
9,176
9,96
9,36
9,137
9,196
9,160
9,196
9,133
9,176
9,137
9,164
9,76
9,19
9,133
9,137
9,144
9,196
9,65
9,19
9,160
9,133
9,144
9,133
9,105
9,105
9,196
9,160
9,76
9,96
9,49
9,96
9,76
9,65
9,137
9,76
9,64
9,164
9,160
9,164
9,164
9,82
9,29
9,29
9,133
9,218
9,218
9,218
9,49
9,44
9,105
9,218
9,76
9,44
9,176
9,29
9,160
9,76
9,144
9,36
9,176
9,82
9,82
9,36
9,65
9,76
9,44
9,49
9,44
9,196
9,133
9,76
9,29
9,196
9,19
9,176
9,65
9,176
9,82
9,44
9,76
9,133
9,176
9,176
9,144
9,82
9,64
9,133
9,96
9,29
9,82
9,137
9,105
9,196
9,218
9,19
9,19
9,133
9,160
9,144
9,76
9,29
9,64
9,218
9,64
9,49
9,64
9,76
9,96
9,82
9,82
9,144
9,137
9,29
9,96
9,160
9,19
9,137
9,105
9,49
9,82
9,196
9,96
9,133
9,133
9,133
9,65
9,64
9,176
9,164
9,176
9,218
9,218
9,64
9,105
9,176
9,64
9,133
9,44
9,76
9,133
9,49
9,133
9,82
9,36
9,76
9,164
9,76
9,164
9,36
9,133
9,160
9,64
9,36
9,133
9,19
9,49
9,96
9,164
9,82
9,133
9,64
9,64
9,96
9,76
9,29
9,49
9,144
9,105
9,164
9,36
9,133
9,164
9,82
9,64
9,144
9,176
9,96
9,65
9,36
9,76
9,105
9,36
9,29
9,137
9,96
9,76
9,133
9,29
9,133
9,133
9,176
9,218
9,105
9,19
9,19
9,105
9,218
9,36
9,218
9,144
9,44
9,144
9,44
9,49
9,218
9,196
9,176
9,76
9,44
9,44
9,133
9,76
9,133
9,36
9,160
9,164
9,82
9,64
9,133
9,36
9,96
9,96
9,65
9,82
9,44
9,196
9,49
9,196
9,196
9,76
9,176
9,36
9,218
9,44
9,82
9,44
9,29
9,164
9,133
9,36
9,176
9,144
9,164
9,96
9,144
9,133
9,44
9,36
9,44
9,105
9,19
9,164
9,105
9,65
9,133
9,29
9,218
9,49
9,160
9,160
9,176
9,144
9,160
9,196
9,36
9,176
9,65
9,137
9,44
9,105
9,176
9,96
9,82
9,105
9,105
9,64
9,176
9,36
9,29
9,144
9,105
9,105
9,137
9,36
9,36
9,29
9,44
9,160
9,176
9,36
9,176
9,65
9,133
9,137
9,36
9,36
9,218
9,65
9,19
9,19
9,49
9,133
9,44
9,105
9,29
9,64
9,65
9,19
9,82
9,29
9,65
9,44
9,196
9,144
9,133
9,49
9,164
9,137
9,82
9,64
9,76
9,133
9,82
9,137
9,133
10,161
10,32
10,165
10,180
10,172
10,58
10,48
10,127
10,169
10,45
10,32
10,66
10,127
10,192
10,75
10,32
10,165
10,109
10,49
10,180
10,32
10,165
10,161
10,49
10,56
10,109
10,96
10,180
10,192
10,75
10,66
10,165
10,109
10,58
10,180
10,66
10,66
10,66
10,127
10,48
10,56
10,56
10,192
10,58
10,109
10,66
10,165
10,32
10,58
10,169
10,112
10,154
10,180
10,127
10,66
10,172
10,192
10,32
10,154
10,178
10,49
10,180
10,48
10,161
10,49
10,45
10,180
10,192
10,67
10,165
10,109
10,58
10,169
10,180
10,165
10,127
10,178
10,49
10,165
10,32
10,192
10,49
10,192
10,192
10,154
10,67
10,32
10,66
10,58
10,172
10,180
10,154
10,48
10,161
10,112
10,49
10,169
10,49
10,127
10,169
10,49
10,75
10,58
10,56
10,127
10,169
10,109
10,178
10,45
10,180
10,58
10,178
10,172
10,154
10,161
10,48
10,172
10,45
10,154
10,172
10,180
10,45
10,67
10,169
10,58
10,154
10,172
10,56
10,180
10,180
10,169
10,58
10,56
10,192
10,32
10,56
10,112
10,32
10,154
10,161
10,169
10,56
10,49
10,48
10,161
10,75
10,58
10,192
10,169
10,67
10,180
10,56
10,58
10,169
10,49
10,172
10,32
10,165
10,161
10,66
10,154
10,161
10,112
10,112
10,49
10,56
10,165
10,161
10,109
10,161
10,75
10,169
10,58
10,66
10,56
10,56
10,67
10,109
10,180
10,112
10,154
10,56
10,109
10,112
10,127
10,161
10,32
10,32
10,154
10,180
10,49
10,172
10,169
10,178
10,154
10,112
10,48
10,58
10,169
10,45
10,180
10,154
10,165
10,75
10,165
10,48
10,66
10,154
10,66
10,178
10,58
10,67
10,67
10,165
10,49
10,169
10,112
10,56
10,109
10,169
10,178
10,75
10,112
10,154
10,45
10,67
10,48
10,49
10,154
10,58
10,178
10,45
10,178
10,58
10,165
10,32
10,58
10,49
10,172
10,66
10,32
10,178
10,45
10,45
10,165
10,165
10,161
10,109
10,172
10,48
10,192
10,172
10,45
10,169
10,127
10,56
10,109
10,180
10,48
10,32
10,169
10,56
10,192
10,109
10,48
10,66
10,154
10,178
10,48
10,169
10,67
10,127
10,165
10,48
10,154
10,32
10,161
10,127
10,127
10,180
10,178
10,169
10,109
10,161
10,48
10,192
10,178
10,45
10,56
10,161
10,66
10,32
10,66
10,45
10,49
10,67
10,172
10,172
10,154
10,127
10,109
10,112
10,56
10,180
10,58
10,169
10,58
10,172
10,49
10,172
10,32
10,169
10,127
10,154
10,165
10,45
10,32
10,192
10,109
10,67
10,161
10,169
10,172
10,56
10,32
10,45
10,192
10,172
10,49
10,32
10,169
10,169
10,165
10,169
10,32
10,169
10,109
10,154
10,165
10,161
10,172
10,172
10,49
10,165
10,172
10,45
10,58
10,180
10,161
10,127
10,75
10,180
10,48
10,161
10,180
10,161
10,32
10,112
10,49
10,192
10,66
10,66
10,172
10,192
10,49
10,180
10,109
10,66
10,49
10,48
10,67
10,32
10,192
10,172
10,67
10,75
10,58
10,66
10,178
10,109
10,58
10,192
10,66
10,58
10,75
10,56
10,180
10,32
10,169
10,112
10,192
10,67
10,192
10,178
10,169
10,172
10,178
10,45
10,45
10,169
10,66
10,109
10,58
10,75
10,161
10,172
10,66
10,165
10,56
10,58
10,67
10,165
10,127
10,66
10,67
10,67
10,165
10,165
10,127
10,161
10,112
10,169
10,180
10,154
10,154
10,109
10,127
10,32
10,127
10,66
10,112
10,58
10,165
10,45
10,169
10,112
10,48
10,58
10,32
10,66
10,169
10,127
10,180
10,112
10,75
10,75
10,180
10,178
10,169
10,154
10,154
10,172
10,169
10,180
10,178
10,109
10,127
10,169
10,169
10,58
10,127
10,32
10,58
10,180
10,154
10,49
10,161
10,45
10,154
10,32
10,112
10,172
10,48
10,109
10,75
10,109
10,165
10,45
10,109
10,180
10,66
10,178
10,48
10,172
10,180
10,161
10,165
10,45
10,178
10,154
10,180
10,56
10,178
10,56
10,192
10,58
10,112
10,48
10,112
10,48
10,45
10,56
10,165
10,178
10,180
10,172
10,109
10,49
10,45
10,109
10,75
10,161
10,56
10,178
10,56
10,48
10,109
10,49
10,127
10,161
10,178
10,32
10,56
10,165
10,172
10,109
10,169
10,58
10,66
10,48
10,127
10,45
10,127
10,127
10,66
10,75
10,127
10,109
10,32
10,192
10,165
10,154
10,109
10,58
10,112
10,49
10,178
10,112
10,32
10,165
10,172
10,67
10,48
10,45
10,192
10,154
10,169
10,180
10,75
10,165
10,180
10,112
10,178
10,75
10,45
10,45
10,169
10,48
10,109
10,172
10,67
10,75
10,66
10,192
10,48
10,109
10,56
10,56
10,192
10,67
10,154
10,161
10,165
10,56
10,109
10,172
10,127
10,75
10,127
10,165
10,49
10,161
10,45
10,178
10,192
10,192
10,112
10,109
10,109
10,75
10,56
10,66
10,154
10,172
10,112
10,127
10,112
10,49
10,67
10,56
10,192
10,109
10,58
10,127
10,32
10,45
10,169
10,49
10,154
10,32
10,56
10,180
10,48
10,66
10,66
10,32
10,165
10,161
10,169
10,109
10,67
10,45
10,58
10,75
10,48
10,49
10,66
10,192
10,56
10,45
10,192
10,172
10,56
10,75
10,127
10,172
10,180
10,180
10,66
10,109
10,154
10,109
10,178
10,45
10,112
10,178
10,180
10,32
10,192
10,56
10,127
10,67
10,165
10,56
10,32
10,67
10,66
10,58
10,56
10,32
10,56
10,56
10,112
10,58
10,45
10,169
10,75
10,127
10,169
10,58
10,172
10,56
10,172
10,112
10,180
10,165
10,67
10,192
10,112
10,172
10,127
10,109
10,169
10,109
10,154
10,172
10,109
10,56
10,48
10,112
10,66
10,56
10,178
10,58
10,112
10,58
10,172
10,180
10,56
10,112
10,49
10,49
10,45
10,172
10,75
10,180
10,169
10,112
10,127
10,127
10,109
10,154
10,75
10,56
10,58
10,192
10,161
10,180
10,48
10,32
10,154
10,169
10,45
10,172
10,178
10,169
10,180
10,32
10,109
10,178
10,66
10,58
10,161
10,45
10,109
10,66
10,154
10,112
10,58
10,66
10,109
10,67
10,56
10,48
10,172
10,67
10,56
10,169
10,127
10,127
10,161
10,112
10,180
10,169
10,127
10,161
10,66
10,56
10,180
10,180
10,169
10,32
10,165
10,109
10,169
10,66
10,56
10,154
10,154
10,169
10,109
10,127
10,45
10,109
10,192
10,161
10,192
10,192
10,180
10,66
10,67
10,112
10,32
10,127
10,180
10,178
10,58
10,161
10,165
10,180
10,161
10,49
10,161
10,169
10,161
10,109
10,127
10,32
10,180
10,49
10,165
10,169
10,178
10,109
10,67
10,67
10,58
10,154
10,172
10,67
10,109
10,48
10,109
10,180
10,192
10,127
10,161
10,165
10,161
10,49
10,48
10,180
10,56
10,161
10,169
10,192
10,48
10,154
10,56
10,48
10,67
10,109
10,32
10,165
10,165
10,109
10,109
10,192
10,56
10,172
10,112
10,49
10,172
10,178
10,192
10,165
10,192
10,165
10,32
10,32
10,109
10,56
10,127
10,180
10,32
10,178
10,66
10,172
10,45
10,161
10,45
10,180
10,154
10,169
10,180
10,49
10,127
10,172
10,112
10,109
10,58
10,154
10,75
10,127
10,154
10,48
10,161
10,109
10,192
10,58
10,169
10,32
10,178
10,58
10,161
10,192
10,58
10,45
10,154
10,56
10,180
10,32
10,180
10,180
10,58
10,67
10,112
10,178
10,66
10,192
10,66
10,161
10,56
10,45
10,154
10,169
10,45
10,169
10,180
10,165
10,58
10,49
10,66
10,180
10,180
10,48
10,127
10,109
10,66
10,49
10,180
10,172
10,45
10,32
10,178
10,66
10,154
10,192
10,48
10,67
10,172
10,127
10,180
10,49
10,75
10,49
10,67
10,192
10,109
10,112
10,48
10,58
10,180
10,49
10,109
10,127
10,48
10,161
10,172
10,49
10,66
10,112
10,45
10,127
10,75
10,172
10,32
10,58
10,165
10,154
10,109
10,48
10,169
10,178
10,66
10,112
10,169
10,58
10,180
10,112
10,178
10,67
10,161
10,32
10,58
10,67
10,32
10,67
10,165
10,165
10,192
10,112
10,75
10,172
10,109
10,165
10,75
10,180
10,161
10,49
11,144
11,38
11,81
11,144
11,69
11,32
11,175
11,140
11,32
11,42
11,106
11,144
11,180
11,144
11,106
11,81
11,96
11,42
11,27
11,175
11,69
11,144
11,194
11,153
11,153
11,107
11,161
11,27
11,140
11,78
11,32
11,32
11,81
11,115
11,115
11,140
11,38
11,42
11,153
11,175
11,81
11,140
11,96
11,38
11,32
11,106
11,81
11,194
11,9
11,38
11,180
11,184
11,175
11,32
11,194
11,9
11,27
11,81
11,96
11,81
11,9
11,106
11,78
11,81
11,194
11,180
11,115
11,27
11,27
11,194
11,69
11,194
11,32
11,27
11,106
11,180
11,144
11,78
11,180
11,78
11,81
11,69
11,153
11,175
11,180
11,96
11,144
11,32
11,175
11,9
11,81
11,107
11,184
11,78
11,107
11,180
11,38
11,96
11,78
11,69
11,175
11,81
11,140
11,42
11,27
11,78
11,184
11,42
11,106
11,140
11,106
11,96
11,96
11,184
11,184
11,38
11,81
11,81
11,194
11,96
11,9
11,96
11,78
11,180
11,27
11,194
11,144
11,144
11,42
11,27
11,27
11,9
11,38
11,107
11,9
11,42
11,32
11,27
11,175
11,106
11,27
11,27
11,107
11,140
11,153
11,69
11,175
11,180
11,96
11,9
11,42
11,144
11,140
11,144
11,153
11,115
11,144
11,115
11,32
11,175
11,107
11,27
11,175
11,81
11,194
11,42
11,115
11,96
11,69
11,69
11,184
11,81
11,96
11,42
11,27
11,180
11,38
11,32
11,144
11,27
11,78
11,69
11,194
11,107
11,144
11,27
11,69
11,144
11,175
11,194
11,194
11,180
11,69
11,194
11,180
11,144
11,9
11,32
11,107
11,69
11,69
11,140
11,38
11,96
11,184
11,78
11,106
11,42
11,69
11,144
11,32
11,27
11,107
11,144
11,42
11,27
11,194
11,69
11,9
11,184
11,9
11,153
11,27
11,106
11,184
11,69
11,42
11,42
11,144
11,153
11,78
11,144
11,184
11,194
11,106
11,140
11,32
11,81
11,107
11,144
11,144
11,96
11,38
11,144
11,144
11,175
11,184
11,38
11,96
11,115
11,144
11,32
11,153
11,153
11,140
11,9
11,180
11,194
11,81
11,78
11,194
11,9
11,180
11,107
11,107
11,175
11,27
11,144
11,42
11,42
11,175
11,9
11,69
11,69
11,32
11,140
11,194
11,42
11,38
11,140
11,27
11,180
11,81
11,144
11,27
11,180
11,115
11,69
11,140
11,194
11,69
11,194
11,69
11,69
11,38
11,96
11,140
11,78
11,96
11,38
11,115
11,9
11,38
11,184
11,115
11,69
11,81
11,180
11,180
11,27
11,180
11,144
11,32
11,27
11,106
11,69
11,32
11,153
11,140
11,107
11,180
11,27
11,38
11,69
11,115
11,81
11,194
11,115
11,38
11,140
11,153
11,78
11,153
11,27
11,107
11,115
11,140
11,69
11,115
11,180
11,96
11,9
11,81
11,144
11,106
11,27
11,42
11,140
11,194
11,180
11,38
11,9
11,38
11,32
11,27
11,78
11,153
11,175
11,180
11,106
11,144
11,69
11,153
11,38
11,96
11,194
11,194
11,107
11,27
11,106
11,194
11,115
11,107
11,107
11,96
11,42
11,180
11,140
11,144
11,107
11,96
11,175
11,107
11,96
11,180
11,96
11,78
11,27
11,153
11,69
11,144
11,180
11,144
11,175
11,81
11,9
11,106
11,78
11,42
11,115
11,81
11,81
11,106
11,27
11,27
11,81
11,175
11,144
11,32
11,115
11,107
11,32
11,107
11,140
11,96
11,27
11,144
11,107
11,42
11,194
11,153
11,9
11,184
11,42
11,69
11,180
11,115
11,175
11,78
11,140
11,81
11,69
11,180
11,115
11,180
11,194
11,78
11,42
11,175
11,180
11,194
11,27
11,78
11,107
11,144
11,9
11,96
11,180
11,78
11,69
11,42
11,144
11,9
11,153
11,115
11,180
11,175
11,140
11,144
11,175
11,32
11,153
11,9
11,106
11,81
11,144
11,69
11,9
11,96
11,180
11,32
11,175
11,96
11,144
11,115
11,184
11,194
11,106
11,194
11,32
11,78
11,81
11,175
11,144
11,144
11,106
11,27
11,78
11,42
11,69
11,153
11,153
11,144
11,107
11,81
11,144
11,81
11,184
11,38
11,140
11,38
11,184
11,115
11,175
11,175
11,140
11,106
11,81
11,106
11,32
11,140
11,96
11,194
11,78
11,184
11,106
11,32
11,69
11,194
11,180
11,106
11,184
11,42
11,32
11,69
11,9
11,69
11,175
11,153
11,81
11,144
11,140
11,153
11,42
11,32
11,32
11,32
11,175
11,32
11,115
11,78
11,153
11,69
11,69
11,96
11,194
11,81
11,42
11,180
11,140
11,153
11,9
11,153
11,38
11,32
11,42
11,175
11,38
11,107
11,38
11,96
11,184
11,107
11,140
11,140
11,115
11,144
11,27
11,42
11,81
11,107
11,180
11,194
11,27
11,140
11,153
11,27
11,38
11,32
11,140
11,78
11,194
11,42
11,153
11,140
11,106
11,9
11,9
11,96
11,153
11,32
11,38
11,175
11,42
11,9
11,140
11,180
11,32
11,107
11,115
11,184
11,144
11,69
11,81
11,153
11,144
11,144
11,96
11,38
11,106
11,144
11,81
11,9
11,184
11,194
11,153
11,144
11,69
11,69
11,184
11,27
11,153
11,144
11,184
11,27
11,153
11,42
11,9
11,69
11,153
11,78
11,106
11,106
11,107
11,78
11,42
11,194
11,194
11,106
11,144
11,107
11,175
11,144
11,81
11,9
11,9
11,194
11,144
11,32
11,106
11,194
11,9
11,78
11,96
11,38
11,69
11,9
11,107
11,184
11,78
11,106
11,175
11,27
11,107
11,96
11,81
11,32
11,106
11,180
11,175
11,180
11,144
11,153
11,27
11,81
11,78
11,144
11,81
11,180
11,115
11,9
11,27
11,81
11,115
11,42
11,175
11,175
11,144
11,140
11,175
11,96
11,69
11,78
11,153
11,140
11,140
11,27
11,96
11,140
11,32
11,78
11,140
11,27
11,96
11,9
11,180
11,106
11,32
11,69
11,81
11,42
11,106
11,78
11,38
11,42
11,81
11,144
11,115
11,180
11,9
11,184
11,38
11,78
11,184
11,144
11,144
11,153
11,96
11,42
11,107
11,32
11,107
11,153
11,106
11,184
11,38
11,78
11,144
11,175
11,140
11,78
11,144
11,81
11,144
11,38
11,180
11,107
11,194
11,194
11,144
11,9
11,96
11,175
11,81
11,175
11,153
11,32
11,69
11,106
11,42
11,144
11,144
11,180
11,9
11,9
11,106
11,69
11,184
11,107
11,42
11,42
11,42
11,81
11,144
11,184
11,27
11,32
11,9
11,140
11,144
11,27
11,38
11,96
11,69
11,42
11,27
11,78
11,106
11,42
11,81
11,175
11,144
11,106
11,144
11,81
11,81
11,9
11,32
11,184
11,175
11,106
11,194
11,107
11,78
11,9
11,115
11,144
11,38
11,144
11,38
11,180
11,96
11,106
11,9
11,9
11,115
11,69
11,144
11,81
11,153
11,38
11,38
11,175
11,144
11,184
11,153
11,140
11,140
11,180
11,184
11,42
11,9
11,106
11,9
11,184
11,69
11,69
11,78
11,69
11,144
11,115
11,144
11,153
11,153
11,144
11,78
11,140
11,9
11,69
11,194
11,184
11,42
11,140
11,153
11,81
11,184
11,180
11,107
11,153
11,27
11,180
11,42
11,38
11,144
11,106
11,69
11,96
11,106
11,175
11,69
11,180
11,106
11,38
11,194
11,9
11,78
11,32
11,38
11,9
11,81
11,194
11,194
11,194
11,144
11,9
11,184
11,32
11,144
11,175
11,184
11,180
11,175
11,69
11,115
11,38
11,106
11,27
11,144
11,78
11,180
11,32
11,27
11,32
11,81
11,144
11,144
11,144
11,144
11,180
11,81
11,184
11,140
11,140
11,9
11,9
11,106
11,27
11,107
11,115
11,96
11,180
11,175
11,180
11,69
11,144
11,194
11,144
11,107
11,144
11,115
11,81
11,106
11,180
11,194
11,78
11,107
11,184
11,115
11,106
11,140
11,38
11,194
11,38
11,42
11,144
11,153
11,144
11,144
11,153
11,144
11,184
11,184
11,38
11,106
11,69
11,9
11,184
11,81
11,69
11,115
11,81
11,115
11,81
11,9
11,38
11,194
11,38
11,9
11,106
11,96
11,78
11,78
11,184
11,115
11,153
11,9
11,153
11,144
11,27
11,96
11,32
11,144
11,180
11,38
11,144
11,175
11,32
11,194
11,194
11,107
11,38
11,42
11,107
11,106
11,96
11,180
11,184
11,194
11,27
11,38
12,182
12,80
12,189
12,58
12,80
12,112
12,112
12,51
12,80
12,66
12,182
12,112
12,220
12,111
12,189
12,224
12,185
12,18
12,66
12,125
12,18
12,40
12,80
12,18
12,112
12,66
12,38
12,18
12,58
12,51
12,224
12,33
12,220
12,66
12,190
12,58
12,66
12,182
12,182
12,112
12,18
12,80
12,190
12,125
12,18
12,112
12,66
12,190
12,202
12,111
12,202
12,125
12,161
12,185
12,51
12,51
12,185
12,58
12,182
12,80
12,185
12,33
12,202
12,18
12,111
12,182
12,112
12,66
12,157
12,18
12,182
12,51
12,112
12,112
12,112
12,58
12,189
12,202
12,202
12,40
12,185
12,33
12,185
12,18
12,18
12,161
12,182
12,112
12,112
12,33
12,111
12,182
12,112
12,80
12,66
12,58
12,112
12,182
12,40
12,190
12,220
12,33
12,185
12,157
12,161
12,66
12,189
12,182
12,66
12,224
12,125
12,18
12,224
12,224
12,189
12,112
12,66
12,182
12,189
12,189
12,58
12,161
12,112
12,58
12,157
12,51
12,18
12,125
12,185
12,125
12,125
12,202
12,112
12,112
12,202
12,111
12,112
12,202
12,66
12,189
12,33
12,161
12,33
12,112
12,190
12,224
12,224
12,202
12,125
12,185
12,125
12,58
12,157
12,40
12,185
12,125
12,125
12,40
12,18
12,112
12,40
12,220
12,58
12,189
12,224
12,190
12,111
12,190
12,202
12,112
12,161
12,66
12,185
12,80
12,18
12,33
12,112
12,40
12,224
12,112
12,66
12,58
12,189
12,58
12,182
12,182
12,224
12,125
12,18
12,112
12,66
12,33
12,18
12,185
12,40
12,80
12,220
12,224
12,18
12,58
12,125
12,220
12,161
12,51
12,125
12,157
12,202
12,112
12,185
12,189
12,18
12,224
12,112
12,182
12,58
12,33
12,185
12,202
12,33
12,202
12,161
12,224
12,112
12,182
12,125
12,111
12,18
12,40
12,185
12,125
12,189
12,51
12,220
12,157
12,40
12,112
12,189
12,157
12,224
12,80
12,185
12,112
12,112
12,40
12,33
12,18
12,202
12,202
12,224
12,112
12,112
12,185
12,220
12,18
12,111
12,125
12,190
12,182
12,58
12,185
12,182
12,66
12,190
12,190
12,157
12,161
12,190
12,185
12,125
12,224
12,18
12,58
12,112
12,112
12,157
12,40
12,58
12,182
12,66
12,190
12,80
12,157
12,125
12,33
12,33
12,220
12,18
12,182
12,185
12,58
12,66
12,112
12,80
12,157
12,18
12,112
12,33
12,112
12,51
12,51
12,66
12,125
12,66
12,18
12,33
12,125
12,220
12,125
12,112
12,40
12,182
12,189
12,220
12,33
12,202
12,58
12,66
12,190
12,185
12,161
12,112
12,185
12,190
12,112
12,161
12,185
12,185
12,185
12,157
12,157
12,80
12,182
12,112
12,18
12,18
12,112
12,189
12,224
12,157
12,111
12,224
12,18
12,157
12,18
12,202
12,182
12,40
12,182
12,18
12,157
12,202
12,33
12,112
12,80
12,111
12,224
12,112
12,18
12,157
12,112
12,66
12,33
12,125
12,125
12,185
12,189
12,220
12,58
12,224
12,112
12,33
12,185
12,80
12,224
12,66
12,224
12,182
12,185
12,189
12,189
12,190
12,189
12,190
12,189
12,66
12,40
12,224
12,182
12,112
12,80
12,224
12,33
12,189
12,189
12,182
12,161
12,33
12,80
12,112
12,125
12,18
12,190
12,190
12,157
12,189
12,58
12,33
12,190
12,51
12,185
12,182
12,189
12,18
12,40
12,112
12,58
12,66
12,51
12,18
12,58
12,185
12,182
12,161
12,18
12,18
12,66
12,190
12,157
12,182
12,220
12,51
12,202
12,33
12,202
12,190
12,220
12,111
12,80
12,125
12,190
12,111
12,157
12,182
12,190
12,112
12,80
12,112
12,112
12,58
12,125
12,51
12,189
12,224
12,112
12,125
12,111
12,182
12,80
12,224
12,185
12,182
12,220
12,112
12,66
12,112
12,40
12,182
12,202
12,185
12,112
12,202
12,157
12,112
12,18
12,40
12,33
12,66
12,190
12,157
12,157
12,40
12,182
12,18
12,220
12,18
12,40
12,202
12,66
12,220
12,224
12,224
12,112
12,182
12,111
12,185
12,224
12,190
12,161
12,58
12,66
12,157
12,224
12,66
12,66
12,18
12,58
12,40
12,18
12,125
12,125
12,66
12,224
12,161
12,157
12,58
12,66
12,80
12,80
12,161
12,157
12,125
12,182
12,202
12,18
12,157
12,80
12,112
12,220
12,182
12,111
12,18
12,111
12,224
12,202
12,185
12,111
12,111
12,40
12,161
12,18
12,161
12,157
12,80
12,202
12,190
12,224
12,66
12,220
12,190
12,202
12,189
12,51
12,80
12,189
12,51
12,220
12,224
12,111
12,161
12,33
12,18
12,51
12,33
12,58
12,161
12,33
12,182
12,224
12,18
12,185
12,220
12,185
12,161
12,190
12,33
12,125
12,190
12,220
12,190
12,157
12,80
12,80
12,112
12,182
12,40
12,40
12,224
12,161
12,112
12,125
12,40
12,190
12,51
12,189
12,220
12,33
12,224
12,18
12,190
12,112
12,112
12,224
12,202
12,112
12,58
12,18
12,66
12,182
12,33
12,185
12,51
12,33
12,189
12,111
12,58
12,182
12,18
12,112
12,111
12,33
12,202
12,80
12,66
12,58
12,40
12,190
12,185
12,112
12,51
12,111
12,182
12,185
12,18
12,224
12,220
12,202
12,125
12,18
12,18
12,190
12,125
12,66
12,33
12,157
12,40
12,157
12,125
12,224
12,185
12,80
12,80
12,111
12,224
12,182
12,112
12,190
12,202
12,111
12,40
12,51
12,190
12,185
12,185
12,80
12,40
12,220
12,190
12,40
12,182
12,51
12,185
12,33
12,58
12,58
12,80
12,66
12,125
12,40
12,33
12,220
12,224
12,125
12,112
12,18
12,111
12,33
12,190
12,224
12,40
12,189
12,220
12,185
12,189
12,202
12,224
12,51
12,220
12,157
12,33
12,18
12,33
12,112
12,202
12,161
12,58
12,190
12,66
12,112
12,157
12,112
12,66
12,66
12,125
12,190
12,157
12,51
12,111
12,33
12,202
12,182
12,112
12,202
12,58
12,202
12,190
12,33
12,220
12,182
12,157
12,185
12,51
12,190
12,112
12,202
12,40
12,66
12,189
12,80
12,111
12,80
12,157
12,58
12,161
12,112
12,161
12,189
12,111
12,112
12,111
12,125
12,18
12,125
12,224
12,18
12,202
12,112
12,189
12,202
12,189
12,161
12,125
12,66
12,111
12,185
12,224
12,157
12,80
12,224
12,224
12,112
12,112
12,40
12,33
12,33
12,112
12,161
12,112
12,33
12,125
12,112
12,112
12,66
12,189
12,51
12,224
12,112
12,189
12,125
12,182
12,112
12,112
12,189
12,190
12,189
12,157
12,58
12,157
12,40
12,189
12,18
12,66
12,40
12,189
12,80
12,112
12,80
12,202
12,40
12,224
12,18
12,189
12,80
12,161
12,58
12,185
12,18
12,112
12,224
12,220
12,224
12,189
12,112
12,125
12,220
12,189
12,189
12,80
12,220
12,125
12,202
12,202
12,220
12,161
12,66
12,190
12,33
12,51
12,112
12,111
12,112
12,189
12,111
12,58
12,51
12,80
12,125
12,190
12,125
12,157
12,111
12,189
12,189
12,185
12,111
12,112
12,40
12,66
12,112
12,58
12,185
12,80
12,111
12,33
12,161
12,51
12,189
12,66
12,112
12,220
12,58
12,58
12,189
12,111
12,58
12,51
12,51
12,33
12,190
12,224
12,161
12,182
12,190
12,112
12,111
12,220
12,157
12,112
12,224
12,112
12,51
12,182
12,220
12,224
12,40
12,189
12,58
12,51
12,190
12,125
12,111
12,80
12,224
12,161
12,190
12,202
12,58
12,224
12,40
12,224
12,202
12,161
12,157
12,189
12,112
12,112
12,66
12,58
12,112
12,182
12,58
12,33
12,80
12,51
12,224
12,112
12,51
12,18
12,189
12,112
12,40
12,18
12,224
12,220
12,224
12,189
12,185
12,112
12,111
12,80
12,111
12,80
12,112
12,112
12,112
12,161
12,66
12,33
12,112
12,51
12,40
12,58
12,182
12,33
12,112
12,185
12,112
12,112
12,40
12,220
12,112
12,111
12,111
12,112
12,202
12,112
12,111
12,161
12,185
12,18
12,66
12,80
12,185
12,189
12,58
12,112
12,224
12,40
12,40
12,58
12,202
12,80
12,157
12,125
12,58
12,125
12,33
12,189
12,125
12,80
12,157
12,66
12,125
12,220
12,18
12,202
12,112
12,185
12,112
12,51
12,157
