product_id,product_name,total_sales,total_units,group_id,manu_id
1,PRODUCT 0013,14944.7,174,1,1
2,PRODUCT 001P,1575.84,65,2,1
3,PRODUCT 0035,83211.5,3895,3,2
4,PRODUCT 0036,231297,10805,1,3
5,PRODUCT 0037,126488,5915,1,2
6,PRODUCT 0037,358151.75,16725,1,4
7,PRODUCT 0041,95256.64,5459,4,5
8,PRODUCT 0047,646104.43,1083,5,2
9,PRODUCT 004C,198096.03,14105,6,6
10,PRODUCT 005C,2106.04,153,7,2
11,PRODUCT 005C,1252.24,96,7,2
12,PRODUCT 005X,91409.36,8052,8,3
13,PRODUCT 009M,94745.76,6607,9,2
14,PRODUCT 009O,44833.95,3159,10,7
15,PRODUCT 009O,39090.87,2756,10,8
16,PRODUCT 009O,217126.35,15254,10,9
17,PRODUCT 009O,271766.88,19089,10,10
18,PRODUCT 009O,287641.62,20204,10,5
19,PRODUCT 009O,177087.33,12442,10,4
20,PRODUCT 009R,3562.12,426,10,3
21,PRODUCT 009R,3839.9,459,10,11
22,PRODUCT 009W,11345.4,738,11,10
23,PRODUCT 009X,18457.74,730,11,10
24,PRODUCT 009X,3076.29,133,11,10
25,PRODUCT 00A0,211831.29,33003,11,2
26,PRODUCT 00A1,174507.09,13607,11,11
27,PRODUCT 00A5,17904.52,1781,12,1
28,PRODUCT 00AA,25804.24,5953,12,2
29,PRODUCT 00AA,13843.76,3200,12,2
30,PRODUCT 00AB,9534.72,1595,12,5
31,PRODUCT 00AC,1571.4,269,13,10
32,PRODUCT 00AG,14469.84,1170,13,10
33,PRODUCT 00AI,6337.3,495,13,7
34,PRODUCT 00AK,13226.08,928,13,9
35,PRODUCT 00AK,17726.24,1241,13,5
36,PRODUCT 00AL,73634.4,9597,13,10
37,PRODUCT 00AR,192618.24,25083,13,12
38,PRODUCT 00AR,90275.19,11762,13,6
39,PRODUCT 00B1,51205,2627,14,8
40,PRODUCT 00B3,28274.4,1306,14,7
41,PRODUCT 00B9,9455.71,1413,15,5
42,PRODUCT 00B9,885.27,144,15,10
43,PRODUCT 00BR,10354.82,505,15,4
44,PRODUCT 00BR,7596.2,373,15,10
45,PRODUCT 00BT,5274.6,296,15,7
46,PRODUCT 00C7,10810,487,15,5
47,PRODUCT 00C8,65555.07,8545,15,10
48,PRODUCT 00C8,25012.32,3268,15,7
49,PRODUCT 00CC,19833.66,2129,15,2
50,PRODUCT 00CC,6343.92,688,15,8
51,PRODUCT 00CC,9569.34,1033,15,10
52,PRODUCT 00CC,15093.54,1622,15,13
53,PRODUCT 00CC,11832.48,1275,15,12
54,PRODUCT 00CC,4740.12,517,15,5
55,PRODUCT 00CS,2974.16,191,16,12
56,PRODUCT 00CS,220182.76,13246,16,2
57,PRODUCT 00CS,183575.28,11045,16,7
58,PRODUCT 00CS,264921.72,15934,16,14
59,PRODUCT 00CY,1162.7,79,16,2
60,PRODUCT 00D6,33903.84,274,16,13
61,PRODUCT 00DB,579.15,41,17,4
62,PRODUCT 00DP,154782.28,9222,17,6
63,PRODUCT 00DR,42127.36,1853,17,2
64,PRODUCT 00DR,56576,2484,17,10
65,PRODUCT 00DS,4961.24,369,17,2
66,PRODUCT 00DX,319266.09,15737,17,14
67,PRODUCT 00EH,1169054.64,422,17,2
68,PRODUCT 00EM,106920,962,17,5
69,PRODUCT 00EO,307370.13,2604,17,2
70,PRODUCT 00F8,11203.12,1008,17,11
71,PRODUCT 00F9,701672.3,35978,17,6
72,PRODUCT 00FQ,139230.4,9578,17,5
73,PRODUCT 00FQ,33935.68,2343,17,12
74,PRODUCT 00FS,3288.78,201,17,10
75,PRODUCT 00FS,4318.6,259,17,10
76,PRODUCT 00FT,65443.4,3759,17,5
77,PRODUCT 00FU,35645.06,2052,17,2
78,PRODUCT 00G2,44274.8,5839,17,10
79,PRODUCT 00GP,260837.76,28323,18,2
80,PRODUCT 00GP,1062780.72,115366,18,6
81,PRODUCT 00GP,247189.68,26842,18,7
82,PRODUCT 00HI,21225.93,2753,19,7
83,PRODUCT 00HQ,8711.92,726,20,6
84,PRODUCT 00HS,76801.75,13751,21,13
85,PRODUCT 00HS,27701.78,4967,21,15
86,PRODUCT 00HU,21496.02,2488,21,2
87,PRODUCT 00I0,54883.21,7635,22,10
88,PRODUCT 00I1,10787.72,761,22,5
89,PRODUCT 00I1,93968.16,6538,22,8
90,PRODUCT 00I2,56838.76,4876,22,7
91,PRODUCT 00I2,83680.52,7173,22,2
92,PRODUCT 00I2,79436.5,6811,22,4
93,PRODUCT 00I3,26519.57,4552,22,2
94,PRODUCT 00IA,759,69,23,4
95,PRODUCT 00IJ,35461.89,5984,24,14
96,PRODUCT 00IJ,56404.84,9512,24,3
97,PRODUCT 00IJ,75868.8,12791,24,6
98,PRODUCT 00IJ,63912.69,10778,24,10
99,PRODUCT 00IK,3562.12,426,24,12
100,PRODUCT 00IL,22200.81,2471,24,7
101,PRODUCT 00IL,9992.94,1120,24,6
102,PRODUCT 00J4,62749.44,28697,25,6
103,PRODUCT 00J4,6077.76,2791,25,16
104,PRODUCT 00J5,258243.02,22354,25,5
105,PRODUCT 00J5,269694.6,23345,25,8
106,PRODUCT 00J8,984.81,110,25,10
107,PRODUCT 00JD,14105.52,273,25,10
108,PRODUCT 00JO,130398.52,5149,25,8
109,PRODUCT 00JZ,127255.59,11652,26,7
110,PRODUCT 00KR,922781.2,109413,26,10
111,PRODUCT 00KX,17811.65,1504,27,5
112,PRODUCT 00KY,285537.33,35710,27,5
113,PRODUCT 00KY,71973.72,9010,27,5
114,PRODUCT 00LA,20173.25,307,28,17
115,PRODUCT 00LF,398634.6,42409,28,13
116,PRODUCT 00LF,457316.76,48651,28,12
117,PRODUCT 00LF,112447.32,11971,28,8
118,PRODUCT 00LF,242792.52,25835,28,2
119,PRODUCT 00LF,322877.04,34351,28,7
120,PRODUCT 00LF,138778.77,12892,28,10
121,PRODUCT 00LN,310247.45,29092,28,10
122,PRODUCT 00LN,315540.4,30626,28,5
123,PRODUCT 00MA,202794.72,17799,28,2
124,PRODUCT 00ML,255808.38,21565,28,3
125,PRODUCT 00ML,252400.31,21279,28,2
126,PRODUCT 00MZ,88549.88,1710,29,10
127,PRODUCT 00NC,8195.04,730,29,14
128,PRODUCT 00NC,164637.92,14453,29,7
129,PRODUCT 00NC,278631.36,24452,29,2
130,PRODUCT 00NF,310574.6,25836,29,10
131,PRODUCT 00NF,496599.18,41305,29,10
132,PRODUCT 00NF,28757.72,2312,29,2
133,PRODUCT 00NF,335114.11,27877,29,6
134,PRODUCT 00NF,29140.19,2332,29,6
135,PRODUCT 00NF,365462.6,30399,29,5
136,PRODUCT 00NF,526170.09,43762,29,6
137,PRODUCT 00NF,562762.09,46806,29,6
138,PRODUCT 00NH,17974.99,34,29,10
139,PRODUCT 00OD,120741.26,17419,29,7
140,PRODUCT 00OD,45558.26,6580,29,5
141,PRODUCT 00OG,96247.54,11466,29,14
142,PRODUCT 00OG,225797.4,26882,29,10
143,PRODUCT 00OG,54571.7,6507,29,2
144,PRODUCT 00OG,57448.1,6849,29,2
145,PRODUCT 00OG,92124.7,10975,29,3
146,PRODUCT 00OK,30041.44,2583,29,2
147,PRODUCT 00OK,16109.5,1390,29,5
148,PRODUCT 00OK,45734.69,3775,29,5
149,PRODUCT 00OQ,435969.76,42053,29,15
150,PRODUCT 00OQ,659377.64,63597,29,12
151,PRODUCT 00OQ,9367,915,29,6
152,PRODUCT 00OQ,295.8,41,29,5
153,PRODUCT 00OQ,312147.88,30113,29,2
154,PRODUCT 00OQ,444745.16,42900,29,12
155,PRODUCT 00OQ,943769.4,87600,29,12
156,PRODUCT 00OQ,46085.64,4457,29,2
157,PRODUCT 00OQ,659002.96,63560,29,3
158,PRODUCT 00OV,184396.8,17902,29,13
159,PRODUCT 00P1,32494.77,6948,30,3
160,PRODUCT 00P1,73462.95,15691,30,7
161,PRODUCT 00P2,87233.7,10961,30,4
162,PRODUCT 00P2,121321.2,15240,30,2
163,PRODUCT 00PD,202691.85,25455,31,2
164,PRODUCT 00PG,27317.56,9833,31,12
165,PRODUCT 00PG,89263.46,32100,31,11
166,PRODUCT 00PG,62839.91,22601,31,7
167,PRODUCT 00PG,81778.11,29408,31,2
168,PRODUCT 00PG,379594.53,136466,31,10
169,PRODUCT 00Q3,84515.84,3705,17,2
170,PRODUCT 00S8,861390.25,1105,6,12
171,PRODUCT 00SH,1047.36,42,32,2
172,PRODUCT 00SH,44120.04,1294,32,7
173,PRODUCT 00SH,14270.28,426,32,7
174,PRODUCT 00SY,643950.84,33534,33,10
175,PRODUCT 00T0,205409.04,8534,34,6
176,PRODUCT 00TD,479253.06,23398,33,5
177,PRODUCT 00TM,261527.5,16081,6,11
178,PRODUCT 00TM,337262.15,20733,6,10
179,PRODUCT 00TZ,972608.16,85322,5,10
180,PRODUCT 00TZ,484699.76,42527,5,14
181,PRODUCT 00V6,73443.84,7984,18,10
182,PRODUCT 00V7,278953.44,30289,18,2
183,PRODUCT 00VE,12818,1249,29,6
184,PRODUCT 00VE,177.48,30,29,7
185,PRODUCT 00VE,261681.55,24313,29,12
186,PRODUCT 00VI,3520.32,445,35,2
187,PRODUCT 00VN,22741.71,8186,31,7
188,PRODUCT 00VX,1113.9,69,36,2
189,PRODUCT 00X7,687248.9,51976,37,2
190,PRODUCT 00Y7,72209,3382,3,2
191,PRODUCT 00ZS,171452.58,274,29,7
192,PRODUCT 0101,483833.98,85124,38,2
193,PRODUCT 0101,548088.62,96429,38,10
194,PRODUCT 0105,149212.8,2400,3,13
195,PRODUCT 011F,1832.55,41,39,18
196,PRODUCT 011H,2577.75,212,40,7
197,PRODUCT 011H,3314.25,269,40,10
198,PRODUCT 011I,30107.35,877,40,10
199,PRODUCT 011I,30107.35,877,40,8
200,PRODUCT 011L,20314.8,2066,41,2
201,PRODUCT 011N,13972.2,1539,41,12
202,PRODUCT 0137,53016.44,6075,42,3
203,PRODUCT 014E,74321.36,3106,43,7
204,PRODUCT 014F,273212.08,11386,43,10
205,PRODUCT 014F,88573.52,3699,43,2
206,PRODUCT 014F,150515.6,6277,43,5
207,PRODUCT 014H,2245.6,145,43,2
208,PRODUCT 016C,85059.09,21045,44,5
209,PRODUCT 016S,1080.77,83,7,10
210,PRODUCT 016V,153837.12,12973,45,8
211,PRODUCT 016V,147743.22,12460,45,12
212,PRODUCT 0188,4763.36,65,46,10
213,PRODUCT 0190,16169.53,729,47,2
214,PRODUCT 019P,3543.69,19,48,12
215,PRODUCT 01A1,22902.74,464,49,13
216,PRODUCT 01A7,44426.34,851,50,7
217,PRODUCT 01BX,204998.28,23341,51,2
218,PRODUCT 01BX,318475.89,36256,51,6
219,PRODUCT 01C0,320431.08,25338,28,2
220,PRODUCT 01CZ,286923.52,34028,26,10
221,PRODUCT 01DF,126622.04,528,52,10
222,PRODUCT 01DG,3122410.98,4275,39,10
223,PRODUCT 01EG,94071.36,3329,53,10
224,PRODUCT 01EL,47858.58,2202,54,2
225,PRODUCT 01F6,168365.06,2184,16,5
226,PRODUCT 01G4,117136.8,5638,55,2
227,PRODUCT 01IP,54633.9,5127,56,7
228,PRODUCT 01IP,98056.68,9192,56,12
229,PRODUCT 01IX,75123.21,6818,4,13
230,PRODUCT 01LW,105664.75,4943,46,5
231,PRODUCT 01M1,1033.9,79,46,6
232,PRODUCT 01MI,19988.96,1766,5,10
233,PRODUCT 01P7,99711.3,1842,57,2
234,PRODUCT 01PD,275673.75,12877,1,2
235,PRODUCT 01QL,3844445,2627,33,10
236,PRODUCT 01R9,407.5,22,3,12
237,PRODUCT 01RC,2021591.21,1451,57,10
238,PRODUCT 01TB,2568.54,350,50,2
239,PRODUCT 01TB,31197.66,4123,50,3
240,PRODUCT 01TJ,42542.24,5520,58,16
241,PRODUCT 01VX,145453.2,12107,29,10
242,PRODUCT 01XW,135227.12,319,58,10
243,PRODUCT 01Y6,729390.48,29324,50,2
244,PRODUCT 020K,9156.8,909,59,10
245,PRODUCT 020L,3350.52,324,37,13
246,PRODUCT 021R,138919.14,21917,58,10
247,PRODUCT 021R,354564,55919,58,10
248,PRODUCT 0239,105584.4,2419,47,10
249,PRODUCT 0239,7339.2,179,47,4
250,PRODUCT 023O,12845,1344,51,3
251,PRODUCT 023P,100227.7,10399,51,7
252,PRODUCT 024K,51426.5,2412,1,7
253,PRODUCT 024L,110.8,22,46,3
254,PRODUCT 024P,18464,202,46,7
255,PRODUCT 025C,536061.52,7688,52,2
256,PRODUCT 025G,76891.7,4002,39,6
257,PRODUCT 0266,1254.44,96,5,10
258,PRODUCT 027F,15232,677,17,6
259,PRODUCT 027L,45550.68,1967,57,3
260,PRODUCT 028A,21051.28,1858,5,3
261,PRODUCT 028R,436428.6,17924,52,2
262,PRODUCT 02B0,33589.25,1390,52,5
263,PRODUCT 02C4,2639.07,125,57,2
264,PRODUCT 02F6,67567.5,487,6,1
265,PRODUCT 02FP,76056,297,52,10
266,PRODUCT 02G0,26634.96,988,60,8
267,PRODUCT 02IA,17463.6,544,29,2
268,PRODUCT 031D,38986.15,1280,33,17
269,PRODUCT 033V,34750.8,1884,61,10
270,PRODUCT 0409,295360.46,510,62,14
271,PRODUCT 041G,45648.26,1755,6,5
272,PRODUCT 043P,96902.55,6994,63,2
273,PRODUCT 0514,52704.9,5387,38,14
274,PRODUCT 0514,65069.85,6647,38,2
275,PRODUCT 051S,36235.8,2818,64,12
276,PRODUCT 051S,368.25,41,64,7
277,PRODUCT 051S,215058,16670,64,10
278,PRODUCT 051S,14386.3,1127,64,10
279,PRODUCT 053V,189923.37,532,65,5
280,PRODUCT 0606,81650.12,3038,49,8
281,PRODUCT 0607,8108.56,163,49,10
282,PRODUCT 061C,93102.45,6721,63,3
283,PRODUCT 061E,642271.56,58423,66,2
284,PRODUCT 0635,2017.56,45,44,4
285,PRODUCT 0635,77142,1249,44,10
286,PRODUCT 0635,203773.56,3277,44,15
287,PRODUCT 063K,196588.23,19802,50,15
288,PRODUCT 063O,163519.65,13789,67,10
289,PRODUCT 063O,734472.94,61894,67,10
290,PRODUCT 063O,686037.72,57813,67,11
291,PRODUCT 063O,240099.66,20242,67,10
292,PRODUCT 063P,158522.1,22661,68,13
293,PRODUCT 063U,383130,20455,6,5
294,PRODUCT 071E,56727,1465,57,13
295,PRODUCT 071N,21242.76,3046,69,4
296,PRODUCT 071R,592956,457,33,5
297,PRODUCT 0730,419965.56,628,39,5
298,PRODUCT 073A,39400.82,1326,52,13
299,PRODUCT 073U,233929.62,320,70,5
300,PRODUCT 080H,492240.08,42252,71,10
301,PRODUCT 080H,89969.6,7733,71,2
302,PRODUCT 0810,390132.81,16687,39,10
303,PRODUCT 0815,9058.5,388,72,13
304,PRODUCT 083V,60283.87,3277,73,4
305,PRODUCT 091W,85785,9996,51,10
306,PRODUCT 091W,124543.48,14506,51,2
307,PRODUCT 091W,489464.7,56974,51,6
308,PRODUCT 091Y,119713.7,905,3,6
309,PRODUCT 092B,80399.75,3763,3,14
310,PRODUCT 0A00,288519,28513,49,5
311,PRODUCT 0A00,307056.75,30345,49,5
312,PRODUCT 0A00,192634.75,19042,49,2
313,PRODUCT 0A00,130688.25,12923,49,2
314,PRODUCT 0A00,76076,7528,49,5
315,PRODUCT 0A00,124605.25,12321,49,10
316,PRODUCT 0A1T,213073,20312,74,8
317,PRODUCT 0A1U,102526.56,8330,75,8
318,PRODUCT 0A1U,719983.04,58423,75,8
319,PRODUCT 0A3R,7377.6,468,50,7
320,PRODUCT 0B3D,1083494.88,70022,71,2
321,PRODUCT 0B3X,32775.86,2374,63,12
322,PRODUCT 0B3X,106851.42,7711,63,13
323,PRODUCT 0C0D,78568.32,1735,5,18
324,PRODUCT 0C0M,163944,2636,1,5
325,PRODUCT 0C0M,349866,5612,1,5
326,PRODUCT 0C0M,440510.4,7063,1,4
327,PRODUCT 0C0M,535312.8,8581,1,2
328,PRODUCT 0C0M,222274.8,3570,1,10
329,PRODUCT 0C1D,383371.2,11546,76,2
330,PRODUCT 0C1G,160016.46,3946,76,7
331,PRODUCT 0C1J,235416.63,16911,70,12
332,PRODUCT 0C1J,71840.88,5168,70,10
333,PRODUCT 0C1J,28370.79,2048,70,14
334,PRODUCT 0C23,31145.54,1294,49,10
335,PRODUCT 0C23,31006.91,1288,49,10
336,PRODUCT 0C24,363898.75,21168,75,12
337,PRODUCT 0C25,16447.47,1045,75,5
338,PRODUCT 0C37,350683.2,31321,7,3
339,PRODUCT 0C3W,186813,2437,33,7
340,PRODUCT 0D0B,246071.94,53985,51,10
341,PRODUCT 0D0B,26.01,19,51,2
342,PRODUCT 0D0B,57612.15,12647,51,8
343,PRODUCT 0D0B,75411.66,16553,51,14
344,PRODUCT 0D0B,672341.16,147479,51,7
345,PRODUCT 0D15,1374070.21,866,3,5
346,PRODUCT 0D36,298059.3,74688,8,5
347,PRODUCT 0D36,190713.93,47794,8,15
348,PRODUCT 0D3M,17058.99,1273,77,14
349,PRODUCT 0E37,191602.02,33226,36,11
350,PRODUCT 0E39,157411.77,22844,36,12
351,PRODUCT 0E39,233483.6,36405,36,2
352,PRODUCT 0F05,643881.15,934,77,7
353,PRODUCT 0F3U,103163.36,7100,51,2
354,PRODUCT 0G35,74593.85,6296,6,7
355,PRODUCT 0G3D,81176,1123,47,2
356,PRODUCT 0G3L,84474.75,3953,1,12
357,PRODUCT 0G3P,57579.38,1189,3,14
358,PRODUCT 0G3P,97671,2009,3,10
359,PRODUCT 0H29,499585.82,32647,78,2
360,PRODUCT 0H2B,504669.5,44649,37,14
361,PRODUCT 0H2C,2559613.19,167220,61,17
362,PRODUCT 0H2K,10177.38,817,34,7
363,PRODUCT 0H2N,307288.8,48465,58,10
364,PRODUCT 0H2N,231865.56,36572,58,5
365,PRODUCT 0H3F,351039.12,12555,42,5
366,PRODUCT 0H3R,110166.8,14510,5,7
367,PRODUCT 0I2U,627093.74,13953,79,7
368,PRODUCT 0I2U,180318.32,4021,79,5
369,PRODUCT 0I2W,4322.08,529,80,14
370,PRODUCT 0ILA,66707.75,3125,3,10
371,PRODUCT 0ILC,189357.87,17433,3,10
372,PRODUCT 0ILC,22323.6,2066,3,2
373,PRODUCT 0ILC,371501.91,34190,3,2
374,PRODUCT 0IMJ,290528.37,15262,3,2
375,PRODUCT 0IMY,69100.8,3724,3,2
376,PRODUCT 0INA,279207.6,29411,3,10
377,PRODUCT 0INN,463487.64,30175,3,6
378,PRODUCT 0INZ,1125471.45,79722,3,10
379,PRODUCT 0IYC,279333.3,14674,1,10
380,PRODUCT 0IZC,523505.52,34081,1,7
381,PRODUCT 0IZP,152679.24,16089,1,2
382,PRODUCT 0J32,3200.4,88,33,11
383,PRODUCT 0J33,7680.96,194,33,2
384,PRODUCT 0J35,15329.28,742,51,10
385,PRODUCT 0J35,6706.56,331,51,2
386,PRODUCT 0J3K,347400.9,22255,57,5
387,PRODUCT 0JFO,1287161.19,55253,46,11
388,PRODUCT 0JFO,257396.79,11059,46,10
389,PRODUCT 0JFO,659775.9,28326,46,10
390,PRODUCT 0JFO,890808.24,38242,46,7
391,PRODUCT 0JFO,963388.02,41358,46,10
392,PRODUCT 0JFO,1095210.27,47015,46,13
393,PRODUCT 0JFO,428211.84,18390,46,12
394,PRODUCT 0JFO,166915.77,7176,46,10
395,PRODUCT 0JGB,561046,26193,46,5
396,PRODUCT 0JGB,815326,38060,46,7
397,PRODUCT 0JGG,84371.85,4616,46,1
398,PRODUCT 0JGI,259015.81,12028,46,7
399,PRODUCT 0JGI,672440.95,31208,46,2
400,PRODUCT 0JGI,400185.37,18577,46,7
401,PRODUCT 0JGI,527049.42,24464,46,10
402,PRODUCT 0JJO,139813.25,6537,46,8
403,PRODUCT 0JJO,418706.25,19552,46,7
404,PRODUCT 0JJO,541771.25,25293,46,4
405,PRODUCT 0JJO,28036,1321,46,2
406,PRODUCT 0JRG,192425.85,2886,66,4
407,PRODUCT 0JRK,622203.4,53550,66,2
408,PRODUCT 0JRK,647552.1,55732,66,2
409,PRODUCT 0JRK,609341.2,52444,66,10
410,PRODUCT 0JRK,584235.6,50284,66,18
411,PRODUCT 0JRK,900530.8,77500,66,10
412,PRODUCT 0JRK,528079.5,45451,66,3
413,PRODUCT 0JRK,662114.74,49544,66,2
414,PRODUCT 0JRR,66.3,19,66,5
415,PRODUCT 0JRR,84819.8,7310,66,6
416,PRODUCT 0JTD,899469.15,197296,51,8
417,PRODUCT 0JTD,462101.81,101366,51,5
418,PRODUCT 0JTD,579112.65,127031,51,10
419,PRODUCT 0JTD,252175.62,55322,51,6
420,PRODUCT 0JTD,152089.14,33371,51,2
421,PRODUCT 0JTD,435199.32,95465,51,4
422,PRODUCT 0JTO,1255072.5,219174,51,7
423,PRODUCT 0JTS,303395.39,57821,51,2
424,PRODUCT 0JTS,132724.02,25301,51,7
425,PRODUCT 0JUA,96753.96,3470,51,11
426,PRODUCT 0JUF,517296.75,64942,51,2
427,PRODUCT 0JUF,206630.85,25949,51,7
428,PRODUCT 0JUF,343950.45,43185,51,13
429,PRODUCT 0JUZ,255192.62,92800,51,2
430,PRODUCT 0JUZ,126618.3,46051,51,10
431,PRODUCT 0JUZ,549369.24,199763,51,10
432,PRODUCT 0JUZ,545473.31,198345,51,10
433,PRODUCT 0JVA,339290.06,64661,51,5
434,PRODUCT 0JVA,215927.28,41155,51,7
435,PRODUCT 0JVA,39121.6,7467,51,14
436,PRODUCT 0JVA,532433,101463,51,6
437,PRODUCT 0JVA,248951.1,47448,51,14
438,PRODUCT 0JVA,83133.4,15852,51,12
439,PRODUCT 0JVA,143352.72,27327,51,6
440,PRODUCT 0JVA,612762.02,116770,51,10
441,PRODUCT 0JVD,47644.52,4552,51,5
442,PRODUCT 0JYF,552543.46,107230,81,10
443,PRODUCT 0JYF,169647.8,32931,81,10
444,PRODUCT 0JYF,187768,36447,81,2
445,PRODUCT 0JYF,552259.4,107174,81,5
446,PRODUCT 0JYF,941143,182634,81,5
447,PRODUCT 0JYF,909795.51,176552,81,12
448,PRODUCT 0JZR,148960,7237,81,10
449,PRODUCT 0K3A,5876.52,308,2,5
450,PRODUCT 0KAD,19601.25,725,81,15
451,PRODUCT 0KCY,182637.74,15987,60,10
452,PRODUCT 0KCY,427060.56,37368,60,15
453,PRODUCT 0KGA,161582.4,31366,60,10
454,PRODUCT 0KGA,1626.8,327,60,7
455,PRODUCT 0KGC,14094.08,1915,60,3
456,PRODUCT 0KGC,265182.72,35827,60,7
457,PRODUCT 0KGC,427877.12,57801,60,10
458,PRODUCT 0KGC,161047.04,21762,60,2
459,PRODUCT 0KGC,458275.84,61905,60,18
460,PRODUCT 0KGC,271701.76,36708,60,1
461,PRODUCT 0KGE,1267.2,183,60,2
462,PRODUCT 0KGE,14.08,15,60,2
463,PRODUCT 0KHJ,225704.7,23621,38,12
464,PRODUCT 0KHL,159620.08,16184,38,10
465,PRODUCT 0KIG,483564.28,58434,38,10
466,PRODUCT 0KIG,273734.34,33083,38,2
467,PRODUCT 0KIG,505285.48,61058,38,2
468,PRODUCT 0KIH,673916.1,71446,38,10
469,PRODUCT 0KNS,22490.01,1626,39,2
470,PRODUCT 0KNS,46013.13,3315,39,2
471,PRODUCT 0KPU,129687.22,10938,39,8
472,PRODUCT 0KPU,563369.77,47478,39,4
473,PRODUCT 0KPZ,569944.15,29583,39,7
474,PRODUCT 0KPZ,46582.15,2430,39,10
475,PRODUCT 0KPZ,11434.8,605,39,5
476,PRODUCT 0KPZ,115081,5983,39,17
477,PRODUCT 0KPZ,1252916.9,65021,39,2
478,PRODUCT 0KPZ,217774.3,11311,39,9
479,PRODUCT 0KRV,273643.32,10669,82,14
480,PRODUCT 0KTU,1325172.97,80962,82,2
481,PRODUCT 0KUD,29031.75,1455,82,14
482,PRODUCT 0KUK,102386.36,4583,82,10
483,PRODUCT 0L0B,15025.5,372,5,7
484,PRODUCT 0L29,512624,60560,8,10
485,PRODUCT 0L2G,77780.7,69,83,7
486,PRODUCT 0L3I,73716.75,3452,3,13
487,PRODUCT 0LBC,501544.94,1203,36,2
488,PRODUCT 0LBJ,121832.82,7051,36,6
489,PRODUCT 0LBJ,123828.32,7710,36,2
490,PRODUCT 0LCX,31009.66,5715,84,2
491,PRODUCT 0LFJ,36062.73,4594,85,8
492,PRODUCT 0LFJ,28113.66,3584,85,13
493,PRODUCT 0LFJ,15658.62,2001,85,7
494,PRODUCT 0LFJ,133756.95,17004,85,10
495,PRODUCT 0LFJ,242289.45,30790,85,2
496,PRODUCT 0LFJ,58966.83,7502,85,6
497,PRODUCT 0LFL,169318.52,23481,85,10
498,PRODUCT 0LFL,71261.68,9890,85,12
499,PRODUCT 0LFL,927801.28,128607,85,2
500,PRODUCT 0LFL,252653.8,35030,85,10
501,PRODUCT 0LFL,259198.24,35937,85,13
502,PRODUCT 0LFL,500615.36,69399,85,4
503,PRODUCT 0LFL,98742.84,13698,85,2
504,PRODUCT 0LFL,174326.32,24173,85,10
505,PRODUCT 0LFL,239139.6,33158,85,11
506,PRODUCT 0LFL,138942.44,19270,85,5
507,PRODUCT 0LFL,50558.2,7020,85,6
508,PRODUCT 0LFL,929955.32,128907,85,12
509,PRODUCT 0LFL,251158.32,34822,85,7
510,PRODUCT 0LFM,122049.76,12578,85,8
511,PRODUCT 0LGB,268262.28,42953,86,2
512,PRODUCT 0LGB,56489.4,9055,86,10
513,PRODUCT 0LGH,354193.56,46495,65,5
514,PRODUCT 0LGH,89780.04,11795,65,6
515,PRODUCT 0LGH,106298.64,13963,65,12
516,PRODUCT 0LGH,125222.58,16446,65,5
517,PRODUCT 0LGH,77593.95,10195,65,7
518,PRODUCT 0LGH,363104.91,47665,65,4
519,PRODUCT 0LGI,2991130.22,196218,65,5
520,PRODUCT 0LGP,734926.1,53476,65,10
521,PRODUCT 0LGV,195139.48,22247,36,5
522,PRODUCT 0LGX,1991016.86,113438,36,7
523,PRODUCT 0LIW,851025.24,58732,62,7
524,PRODUCT 0LIW,175419.4,12115,62,6
525,PRODUCT 0LIW,775345.48,53511,62,2
526,PRODUCT 0LIW,313577.68,21648,62,10
527,PRODUCT 0LJA,958597.2,153454,87,2
528,PRODUCT 0LJA,992787.84,158926,87,12
529,PRODUCT 0LKJ,866056.04,72982,88,10
530,PRODUCT 0LKS,3140205.58,146121,37,10
531,PRODUCT 0LKS,2391998.49,111308,37,2
532,PRODUCT 0LKX,1366121.4,59513,59,11
533,PRODUCT 0LKX,36237.8,1591,59,10
534,PRODUCT 0LLB,343166.2,506,58,7
535,PRODUCT 0LLG,21155.84,42,58,10
536,PRODUCT 0LLG,22478.08,45,58,7
537,PRODUCT 0LLG,34378.24,61,58,4
538,PRODUCT 0LLN,285481.51,2566,65,2
539,PRODUCT 0LMS,553038.2,33166,37,10
540,PRODUCT 0LND,4915913.97,217361,37,2
541,PRODUCT 0LNM,340525.6,829,58,10
542,PRODUCT 0LNW,597581.7,99171,88,10
543,PRODUCT 0LOK,1101369.5,1477,37,2
544,PRODUCT 0LOM,268036.25,17741,37,5
545,PRODUCT 0LOQ,971797.1,1173,77,9
546,PRODUCT 0LQB,52360.82,114,85,10
547,PRODUCT 0LQB,48409.06,106,85,6
548,PRODUCT 0LQB,62240.22,133,85,2
549,PRODUCT 0LSK,131341.73,4780,77,3
550,PRODUCT 0LXI,10752,863,58,15
551,PRODUCT 0LXI,319320,25312,58,7
552,PRODUCT 0LXI,894456,70883,58,6
553,PRODUCT 0LXI,363216,28792,58,14
554,PRODUCT 0LXI,414912,32888,58,13
555,PRODUCT 0LXI,4363152,345723,58,13
556,PRODUCT 0LXI,672240,53276,58,7
557,PRODUCT 0LXI,154776,12275,58,10
558,PRODUCT 0LXL,18244.64,2160,58,2
559,PRODUCT 0LXL,22478.56,2658,58,2
560,PRODUCT 0LXL,111730.24,13159,58,2
561,PRODUCT 0LXM,238870.9,34450,44,10
562,PRODUCT 0LXM,188168.54,27141,44,14
563,PRODUCT 0LXM,730739.19,105363,44,11
564,PRODUCT 0LXM,357686.42,51579,44,5
565,PRODUCT 0LXM,1579713.54,227762,44,2
566,PRODUCT 0LXM,424994.99,61283,44,10
567,PRODUCT 0LXM,207320.42,29901,44,2
568,PRODUCT 0LXM,1851664.96,266968,44,3
569,PRODUCT 0LXM,1597348.57,230303,44,6
570,PRODUCT 0LXM,413150.37,59577,44,10
571,PRODUCT 0LXM,132361.65,19096,44,2
572,PRODUCT 0LXM,611343.31,88150,44,11
573,PRODUCT 0LXM,1357580.75,195736,44,5
574,PRODUCT 0LXM,1251823.33,180489,44,4
575,PRODUCT 0LXM,174042.05,25103,44,10
576,PRODUCT 0LXM,325858.95,46992,44,7
577,PRODUCT 0LXM,329829.14,47565,44,6
578,PRODUCT 0LXM,505955.21,72956,44,2
579,PRODUCT 0LXM,208520.71,30075,44,6
580,PRODUCT 0LXM,1535830.41,221434,44,2
581,PRODUCT 0LYG,601048.94,28686,36,2
582,PRODUCT 0LYV,592956.32,35425,58,2
583,PRODUCT 0LYV,179673.12,10744,58,14
584,PRODUCT 0M0R,8125.2,696,41,12
585,PRODUCT 0M0R,12187.8,1038,41,10
586,PRODUCT 0M0S,273573.74,39097,89,5
587,PRODUCT 0M0X,13780.8,1519,41,7
588,PRODUCT 0M0X,675450.6,73830,41,11
589,PRODUCT 0M0X,425969.4,46566,41,7
590,PRODUCT 0M0X,2560201.2,279812,41,7
591,PRODUCT 0M0X,14198.4,1564,41,7
592,PRODUCT 0M0X,199438.8,21808,41,2
593,PRODUCT 0M0X,36139.8,3961,41,2
594,PRODUCT 0M0X,221383.07,24206,41,2
595,PRODUCT 0M29,564177.36,61039,90,11
596,PRODUCT 0M2P,494442.75,35030,3,2
597,PRODUCT 0M2R,17884.68,400,3,10
598,PRODUCT 0M2U,64672.6,7275,91,10
599,PRODUCT 0M3V,78829.65,4856,6,2
600,PRODUCT 0MAU,167359.57,7757,2,2
601,PRODUCT 0MCO,15003.8,26,77,2
602,PRODUCT 0MDI,76474.64,14077,84,7
603,PRODUCT 0MDI,87528.1,16109,84,2
604,PRODUCT 0MDI,233793.23,40782,84,10
605,PRODUCT 0MDI,174726.97,29919,84,10
606,PRODUCT 0MDI,114225.98,21018,84,11
607,PRODUCT 0MDI,176315.7,30190,84,3
608,PRODUCT 0MDS,51234.7,9435,84,15
609,PRODUCT 0MDS,47728.56,8182,84,10
610,PRODUCT 0MDS,126995.88,23368,84,4
611,PRODUCT 0MDS,19521.92,3603,84,7
612,PRODUCT 0MDS,32019.02,5493,84,2
613,PRODUCT 0MDS,29179.48,5379,84,14
614,PRODUCT 0MEI,79632.07,8053,36,2
615,PRODUCT 0MEL,485300.14,58200,36,7
616,PRODUCT 0MEN,235448.13,16466,36,2
617,PRODUCT 0MEN,244944.42,17130,36,2
618,PRODUCT 0MFA,12576,924,92,3
619,PRODUCT 0MFJ,1134105.17,162043,7,5
620,PRODUCT 0MFL,331502.38,3171,7,2
621,PRODUCT 0MGK,131335.71,11956,93,7
622,PRODUCT 0MHZ,79710.07,5262,94,2
623,PRODUCT 0MLR,372928.92,23793,58,3
624,PRODUCT 0MOE,628687.5,1010,58,2
625,PRODUCT 0MOJ,856013.6,47263,62,10
626,PRODUCT 0MOJ,690515.8,38128,62,7
627,PRODUCT 0MOO,463103.19,471,62,2
628,PRODUCT 0MPF,93008.88,7309,50,7
629,PRODUCT 0MPF,454887.84,35698,50,8
630,PRODUCT 0MPF,31608.96,2491,50,5
631,PRODUCT 0MPF,331627.44,26028,50,14
632,PRODUCT 0MPI,23087.97,1341,50,10
633,PRODUCT 0MPI,29561.85,1713,50,5
634,PRODUCT 0MPI,63417.6,3664,50,10
635,PRODUCT 0MPI,3792900.96,218378,50,9
636,PRODUCT 0MPW,313594.38,10513,50,5
637,PRODUCT 0MPW,1860951.51,62326,50,10
638,PRODUCT 0MPW,802613.07,26887,50,4
639,PRODUCT 0MPW,312117.84,10463,50,7
640,PRODUCT 0MPW,924995.52,30986,50,14
641,PRODUCT 0MPX,9048743.34,242436,50,2
642,PRODUCT 0MQG,258378.25,136,50,12
643,PRODUCT 0MQH,814793,54589,50,10
644,PRODUCT 0MQV,22245.87,539,50,5
645,PRODUCT 0MQV,677495.16,16055,50,10
646,PRODUCT 0MQV,642.48,27,50,5
647,PRODUCT 0MQW,660603.68,368,50,10
648,PRODUCT 0MQW,692397.44,384,50,10
649,PRODUCT 0MQW,1829907.52,996,50,10
650,PRODUCT 0MQW,67120.16,49,50,18
651,PRODUCT 0MQY,1194032.32,1298,50,10
652,PRODUCT 0MRC,101769.84,3675,95,9
653,PRODUCT 0MSB,146987.4,5908,50,10
654,PRODUCT 0MSB,518556,20816,50,2
655,PRODUCT 0MSB,310280.4,12460,50,8
656,PRODUCT 0MSC,67118.4,1359,50,11
657,PRODUCT 0MSC,43608,886,50,11
658,PRODUCT 0MSC,104848.8,2115,50,4
659,PRODUCT 0MSC,30051.6,615,50,10
660,PRODUCT 0MSK,113607.36,11102,92,2
661,PRODUCT 0MSK,143255.92,13997,92,5
662,PRODUCT 0MSL,538021.8,51271,92,2
663,PRODUCT 0MSV,563095.44,32430,92,2
664,PRODUCT 0MTA,3014.7,61,92,2
665,PRODUCT 0MTF,1704160.95,1238,92,2
666,PRODUCT 0MTL,29992.17,2772,92,5
667,PRODUCT 0MTN,14795.76,39,92,13
668,PRODUCT 0MTP,22629.2,574,92,4
669,PRODUCT 0MTP,2752.2,80,92,5
670,PRODUCT 0MTY,69528.6,20607,96,4
671,PRODUCT 0MUC,274243.26,5392,7,10
672,PRODUCT 0MUC,161211.22,3174,7,14
673,PRODUCT 0MUQ,63292.32,8318,92,2
674,PRODUCT 0MVM,25880.47,2217,92,10
675,PRODUCT 0MVU,99536.36,9969,97,2
676,PRODUCT 0MWA,47780.2,4215,97,9
677,PRODUCT 0MWD,4852.54,99,97,18
678,PRODUCT 0MWE,46358.46,5027,97,10
679,PRODUCT 0MWR,236658.04,10684,98,8
680,PRODUCT 0MWR,223163.64,10076,98,2
681,PRODUCT 0MWT,360664.84,15873,37,13
682,PRODUCT 0MXD,1140011.07,56511,59,15
683,PRODUCT 0MXH,34572,2051,37,7
684,PRODUCT 0MXP,6257.02,159,37,2
685,PRODUCT 0MXT,1973883,4386,37,6
686,PRODUCT 0MZR,313371.66,28968,85,5
687,PRODUCT 0MZR,201457.62,18626,85,8
688,PRODUCT 0N00,105075.66,35952,41,2
689,PRODUCT 0N01,1690809.24,91459,90,2
690,PRODUCT 0N01,164548.8,8911,90,12
691,PRODUCT 0N01,461193.72,24955,90,14
692,PRODUCT 0N01,1130007.24,61127,90,2
693,PRODUCT 0N01,290175.48,15706,90,2
694,PRODUCT 0N01,305118.48,16515,90,7
695,PRODUCT 0N01,639279.12,34587,90,2
696,PRODUCT 0N01,779708.16,42182,90,2
697,PRODUCT 0N01,453142.08,24521,90,2
698,PRODUCT 0N03,16228.94,996,99,10
699,PRODUCT 0N03,21492.38,1317,99,7
700,PRODUCT 0N03,18054.02,1042,99,2
701,PRODUCT 0N03,5576.74,350,99,2
702,PRODUCT 0N03,119273.31,7252,99,5
703,PRODUCT 0N03,90700.35,5517,99,10
704,PRODUCT 0N03,40635.01,2479,99,10
705,PRODUCT 0N03,58054.49,3535,99,10
706,PRODUCT 0N03,39193.83,2392,99,2
707,PRODUCT 0N03,56067.54,3413,99,2
708,PRODUCT 0N03,76092.66,4598,99,5
709,PRODUCT 0N03,71849.67,4113,99,6
710,PRODUCT 0N03,67359.5,4101,99,8
711,PRODUCT 0N05,180398.4,14598,90,8
712,PRODUCT 0N05,308700,24970,90,2
713,PRODUCT 0N0E,13398.8,3118,100,2
714,PRODUCT 0N0E,73045.6,16952,100,2
715,PRODUCT 0N0E,84747,19666,100,13
716,PRODUCT 0N0E,377355.8,87523,100,7
717,PRODUCT 0N0E,5854.8,1370,100,2
718,PRODUCT 0N0R,947863.84,80732,101,2
719,PRODUCT 0N0R,1548004.92,131839,101,7
720,PRODUCT 0N0R,1522146.78,129637,101,2
721,PRODUCT 0N0R,676956.28,57661,101,10
722,PRODUCT 0N0R,919504.74,78317,101,10
723,PRODUCT 0N0R,109662.63,9351,101,10
724,PRODUCT 0N0R,335776.21,28607,101,10
725,PRODUCT 0N0R,166537.14,14195,101,2
726,PRODUCT 0N0R,248086.3,21139,101,10
727,PRODUCT 0N0R,2339782.06,199267,101,18
728,PRODUCT 0N0R,687027.11,58519,101,10
729,PRODUCT 0N0R,753838.47,64209,101,7
730,PRODUCT 0N0R,954897.79,81331,101,5
731,PRODUCT 0N0R,2872888.48,244667,101,2
732,PRODUCT 0N0R,1143943.57,97431,101,1
733,PRODUCT 0N0R,3594058.16,306082,101,8
734,PRODUCT 0N0R,434028.21,36974,101,1
735,PRODUCT 0N0R,1756053.53,149557,101,11
736,PRODUCT 0N0R,30971.71,2650,101,2
737,PRODUCT 0N0R,682688.3,58150,101,10
738,PRODUCT 0N0R,107094.68,9132,101,2
739,PRODUCT 0N0R,4560214.09,388358,101,10
740,PRODUCT 0N0R,1118844.65,95293,101,2
741,PRODUCT 0N0U,125735.87,24165,101,7
742,PRODUCT 0N0U,118285.2,22733,101,7
743,PRODUCT 0N0V,101123.96,15984,101,12
744,PRODUCT 0N0Z,14158.8,1038,101,8
745,PRODUCT 0N27,1989648.58,1180,39,10
746,PRODUCT 0N2C,281840.74,20322,102,5
747,PRODUCT 0NAE,247977.96,5740,85,10
748,PRODUCT 0NAE,38695.1,905,85,2
749,PRODUCT 0NAY,15717,582,85,5
750,PRODUCT 0NBB,70761.68,376,85,2
751,PRODUCT 0NBW,402197.4,592,44,10
752,PRODUCT 0NGD,75827.07,4426,83,10
753,PRODUCT 0NGD,79714.8,4652,83,13
754,PRODUCT 0NGD,250734.33,14613,83,1
755,PRODUCT 0NGD,1259722.53,73336,83,4
756,PRODUCT 0NGD,1494469.89,87002,83,2
757,PRODUCT 0NGD,646529.67,37645,83,11
758,PRODUCT 0NGE,99970.2,126,83,4
759,PRODUCT 0NGS,2492127.18,92990,83,8
760,PRODUCT 0NGZ,1640425.92,66327,83,2
761,PRODUCT 0NIM,148352.7,28280,103,14
762,PRODUCT 0NMF,591685.52,57771,104,5
763,PRODUCT 0NSG,229551.48,15551,105,2
764,PRODUCT 0NSH,273012.96,14571,105,17
765,PRODUCT 0O03,236809.3,18356,40,2
766,PRODUCT 0O03,1143563.55,88591,40,2
767,PRODUCT 0O03,476417.3,36914,40,10
768,PRODUCT 0O03,918071.8,71126,40,12
769,PRODUCT 0O03,412881.9,31993,40,8
770,PRODUCT 0O03,57226.05,4445,40,2
771,PRODUCT 0O03,92430.75,7172,40,7
772,PRODUCT 0O03,328822.7,25482,40,7
773,PRODUCT 0O03,339133.7,26280,40,1
774,PRODUCT 0O03,8494.3,669,40,2
775,PRODUCT 0O03,521147.4,40379,40,2
776,PRODUCT 0O03,898652.75,69620,40,7
777,PRODUCT 0O03,8445.2,666,40,15
778,PRODUCT 0O03,605255.7,46894,40,14
779,PRODUCT 0O03,34983.75,2722,40,2
780,PRODUCT 0O03,233936.95,18132,40,10
781,PRODUCT 0O03,2723945.25,211006,40,7
782,PRODUCT 0O03,452603.8,35071,40,2
783,PRODUCT 0O03,192594.75,14931,40,5
784,PRODUCT 0O03,201064.5,15586,40,5
785,PRODUCT 0O03,579453.65,44896,40,10
786,PRODUCT 0O04,75908.46,4374,40,6
787,PRODUCT 0O04,14857.41,866,40,2
788,PRODUCT 0O04,71242.77,4105,40,5
789,PRODUCT 0O04,15618.48,909,40,5
790,PRODUCT 0O04,12508.02,730,40,11
791,PRODUCT 0O0K,43131.27,3646,60,14
792,PRODUCT 0O1R,42494.76,429,47,10
793,PRODUCT 0O22,100254,12312,1,2
794,PRODUCT 0O27,9423,354,106,2
795,PRODUCT 0O28,900196.82,56304,71,2
796,PRODUCT 0O28,550238.54,34419,71,5
797,PRODUCT 0O2H,12129.01,813,46,3
798,PRODUCT 0O2H,2189.56,156,46,1
799,PRODUCT 0O3F,287591.04,688,71,10
800,PRODUCT 0O3R,17062.56,1883,60,2
801,PRODUCT 0ONR,655471.05,22054,33,18
802,PRODUCT 0OOI,2702705.04,58476,33,7
803,PRODUCT 0OOI,1829670.83,39590,33,5
804,PRODUCT 0OOI,580997.19,12579,33,10
805,PRODUCT 0OOJ,13365,250,33,14
806,PRODUCT 0OOK,651699.73,13839,33,6
807,PRODUCT 0OOK,43201.66,928,33,2
808,PRODUCT 0OOK,599266.18,12726,33,10
809,PRODUCT 0OOK,146007.27,3110,33,2
810,PRODUCT 0OOK,147799.87,3148,33,10
811,PRODUCT 0OOK,90167.78,1925,33,3
812,PRODUCT 0OOK,431120.3,9158,33,13
813,PRODUCT 0OOK,47414.27,1018,33,10
814,PRODUCT 0OON,353908.38,7760,33,10
815,PRODUCT 0OON,214221.42,4701,33,10
816,PRODUCT 0OON,343136.5,7524,33,13
817,PRODUCT 0OON,3530831.15,77303,33,2
818,PRODUCT 0OON,125266.54,2754,33,18
819,PRODUCT 0OXJ,147300,9521,107,8
820,PRODUCT 0OYA,167362.26,10816,107,2
821,PRODUCT 0OYI,216.51,19,107,10
822,PRODUCT 0OYI,45394.93,1208,107,5
823,PRODUCT 0OYZ,13366.85,414,107,5
824,PRODUCT 0OYZ,58915.5,1781,107,15
825,PRODUCT 0OZU,114466,10137,56,10
826,PRODUCT 0OZU,40420,3588,56,2
827,PRODUCT 0P0W,3506.8,221,108,10
828,PRODUCT 0P2W,858094.72,1169,46,2
829,PRODUCT 0P2Y,476631.65,8376,46,13
830,PRODUCT 0P3I,16954.14,505,32,2
831,PRODUCT 0P3R,47791.62,167,85,3
832,PRODUCT 0P3R,29501,107,85,14
833,PRODUCT 0P3R,43071.46,152,85,14
834,PRODUCT 0PBV,112352.28,12859,42,13
835,PRODUCT 0PBV,101409.74,11607,42,10
836,PRODUCT 0PCJ,516988.68,46124,42,2
837,PRODUCT 0PCJ,517372.44,46158,42,7
838,PRODUCT 0PCJ,620795.76,55383,42,2
839,PRODUCT 0PDF,323682.4,28402,5,10
840,PRODUCT 0PDF,1002634.96,87956,5,4
841,PRODUCT 0PDF,394792.8,34640,5,5
842,PRODUCT 0PDF,417882,36666,5,2
843,PRODUCT 0PRP,149965.42,4283,73,14
844,PRODUCT 0PRP,118316.44,3382,73,10
845,PRODUCT 0PSE,80724.93,2312,73,6
846,PRODUCT 0PSP,138158.42,3363,73,2
847,PRODUCT 0Q2A,269966.48,45484,41,2
848,PRODUCT 0Q2A,93492.49,15759,41,15
849,PRODUCT 0Q2A,29579.8,4994,41,2
850,PRODUCT 0Q2A,165172.7,27832,41,10
851,PRODUCT 0Q2B,25080,8379,41,11
852,PRODUCT 0Q2G,312693.92,22725,106,6
853,PRODUCT 0Q2L,133122.28,882,57,14
854,PRODUCT 0Q2R,12573.96,172,57,7
855,PRODUCT 0Q2T,128363.94,2631,109,7
856,PRODUCT 0Q3T,165130.24,11163,51,10
857,PRODUCT 0Q3U,216910.68,27677,51,2
858,PRODUCT 0Q3U,640593.24,81714,51,2
859,PRODUCT 0Q3V,195921.15,16607,4,2
860,PRODUCT 0Q3V,129536.5,10984,4,3
861,PRODUCT 0Q3X,14808.64,225,110,5
862,PRODUCT 0Q3Y,8734.22,619,111,12
863,PRODUCT 0Q3Y,57799.18,4026,111,10
864,PRODUCT 0Q3Y,210470.06,14629,111,10
865,PRODUCT 0QAB,53342.52,3380,112,2
866,PRODUCT 0QAB,4096.32,270,112,10
867,PRODUCT 0QAB,78522.84,4970,112,1
868,PRODUCT 0QNR,465629.64,6041,79,2
869,PRODUCT 0QNT,232319.85,3885,79,5
870,PRODUCT 0QOR,31415.46,3410,113,7
871,PRODUCT 0QOR,85807.98,9294,113,10
872,PRODUCT 0QPB,260343.27,9032,55,5
873,PRODUCT 0QQN,169117.38,2175,47,10
874,PRODUCT 0QQY,376279.92,6903,47,5
875,PRODUCT 0QTH,152209.68,16040,47,10
876,PRODUCT 0QTQ,278889.6,6371,47,7
877,PRODUCT 0QXI,51724.32,2092,47,6
878,PRODUCT 0QXI,43497.6,1762,47,9
879,PRODUCT 0R0M,18978.96,1769,114,2
880,PRODUCT 0R0M,70665.67,6553,114,5
881,PRODUCT 0R0M,26845.78,2498,114,2
882,PRODUCT 0R0M,21341.06,1987,114,12
883,PRODUCT 0R0N,21993.16,1754,114,3
884,PRODUCT 0R0R,38187.9,4822,115,3
885,PRODUCT 0R0S,4803.22,744,115,15
886,PRODUCT 0R24,68049.8,79,39,2
887,PRODUCT 0R2J,2694,240,109,2
888,PRODUCT 0R2J,407467.5,34526,109,8
889,PRODUCT 0R2J,1347,126,109,5
890,PRODUCT 0R2J,494910.25,41933,109,4
891,PRODUCT 0R2J,179644.9,15228,109,18
892,PRODUCT 0R2L,35441.28,3846,90,6
893,PRODUCT 0R2L,543327.48,58784,90,8
894,PRODUCT 0R30,97724.85,8289,4,10
895,PRODUCT 0R3K,29128.32,194,3,14
896,PRODUCT 0RAG,248846.95,25386,6,10
897,PRODUCT 0RAH,455394.24,55241,6,18
898,PRODUCT 0RAH,152048.96,18452,6,7
899,PRODUCT 0RAH,617776.32,74934,6,14
900,PRODUCT 0RAO,386565.5,23763,6,10
901,PRODUCT 0RAO,240295.8,14776,6,10
902,PRODUCT 0RAO,1044562.5,64191,6,10
903,PRODUCT 0RAS,742.8,58,6,8
904,PRODUCT 0RBY,155012.48,9412,6,14
905,PRODUCT 0RFE,4054.45,262,6,12
906,PRODUCT 0RIE,163261.25,10043,6,2
907,PRODUCT 0RR3,168401.25,2152,1,5
908,PRODUCT 0RSR,123954.48,11941,49,2
909,PRODUCT 0RSR,66433.12,6405,49,10
910,PRODUCT 0RSR,452820.16,43590,49,2
911,PRODUCT 0RSR,171852.72,16550,49,3
912,PRODUCT 0RSR,285808.64,27517,49,6
913,PRODUCT 0RSR,126622.08,12198,49,3
914,PRODUCT 0RSR,502457.28,48367,49,10
915,PRODUCT 0RSR,400278.32,38534,49,13
916,PRODUCT 0RSR,135099.12,13014,49,2
917,PRODUCT 0RSR,14899.04,1446,49,7
918,PRODUCT 0RSR,459005.04,44184,49,7
919,PRODUCT 0RT4,38811.3,326,51,2
920,PRODUCT 0RTZ,1150436,875,33,2
921,PRODUCT 0S06,124656,10091,90,12
922,PRODUCT 0S0N,132512.7,8637,3,12
923,PRODUCT 0S0N,662183.64,43106,3,14
924,PRODUCT 0S0N,568475.1,37008,3,15
925,PRODUCT 0S0N,422638.08,27517,3,2
926,PRODUCT 0S2S,218426.57,15752,63,4
927,PRODUCT 0S2S,14223.98,1037,63,10
928,PRODUCT 0T0X,80196,3755,3,10
929,PRODUCT 0T2X,419408.6,47971,58,10
930,PRODUCT 0T2Y,21201.51,34,50,5
931,PRODUCT 0T3I,23648.83,57,71,16
932,PRODUCT 0T3T,1161759.21,43356,83,2
933,PRODUCT 0U0A,4132.5,1097,116,2
934,PRODUCT 0U0C,256480.64,58633,116,17
935,PRODUCT 0U25,46049.82,3330,63,6
936,PRODUCT 0U2W,49001.68,3394,62,2
937,PRODUCT 0U3C,1543206,1170,33,2
938,PRODUCT 0UAL,369.99,30,2,10
939,PRODUCT 0UCF,164546.34,13018,34,2
940,PRODUCT 0UCF,139403.64,11030,34,2
941,PRODUCT 0UFU,49,22,81,14
942,PRODUCT 0UFU,67306.4,13072,81,1
943,PRODUCT 0UH8,165188.98,4716,73,4
944,PRODUCT 0UHT,152531.78,11003,63,10
945,PRODUCT 0UHU,91941.3,6637,63,11
946,PRODUCT 0UHU,3351899.15,241548,63,15
947,PRODUCT 0UHU,129124.22,9317,63,4
948,PRODUCT 0UHY,161979.25,11685,63,2
949,PRODUCT 0UHY,386950.44,27896,63,2
950,PRODUCT 0UHY,184040.95,13273,63,7
951,PRODUCT 0UHY,3694.54,278,63,17
952,PRODUCT 0UIV,499317.28,35993,102,2
953,PRODUCT 0UIV,262998.57,18964,102,6
954,PRODUCT 0UOI,462736.74,13455,32,13
955,PRODUCT 0URH,296130.44,20095,6,7
956,PRODUCT 0V08,10631.79,1341,116,10
957,PRODUCT 0V0B,53660.88,6721,116,10
958,PRODUCT 0V0F,183674.28,13623,116,5
959,PRODUCT 0V0I,1482.25,159,116,7
960,PRODUCT 0V3K,32072.95,1276,117,5
961,PRODUCT 0V3K,15771.21,634,117,2
962,PRODUCT 0VAT,44609.19,57,107,10
963,PRODUCT 0VB8,84352.5,3949,1,8
964,PRODUCT 0VB8,234557,10957,1,2
965,PRODUCT 0VB8,77832.5,3645,1,2
966,PRODUCT 0VBA,508486.44,33105,3,10
967,PRODUCT 0VBA,13821.06,912,3,14
968,PRODUCT 0VBA,154573.8,10072,3,8
969,PRODUCT 0VEE,505782.73,36458,63,14
970,PRODUCT 0VEF,25334,1838,63,6
971,PRODUCT 0VXA,539733.75,25198,3,15
972,PRODUCT 0VXA,388225.25,18129,3,2
973,PRODUCT 0VXA,356929.25,16668,3,7
974,PRODUCT 0VXA,313775,14655,3,2
975,PRODUCT 0W0J,880169.04,105146,118,2
976,PRODUCT 0W0J,446221.68,53313,118,2
977,PRODUCT 0W0S,43777.44,5164,118,4
978,PRODUCT 0W0T,21801.78,3126,118,8
979,PRODUCT 0W0T,40142.96,5748,118,2
980,PRODUCT 0W0Z,29900.74,1721,118,10
981,PRODUCT 0W22,1662332.7,1649,73,2
982,PRODUCT 0W2T,85784.3,168,49,7
983,PRODUCT 0W3S,418965.25,19856,50,5
984,PRODUCT 0X0Y,134357.08,5931,78,2
985,PRODUCT 0X2P,3599.65,22,58,4
986,PRODUCT 0X31,38313.91,1406,119,3
987,PRODUCT 0X32,13260.6,315,47,2
988,PRODUCT 0X32,139278,3189,47,7
989,PRODUCT 0X35,21985.68,1549,36,4
990,PRODUCT 0X35,58901.49,4128,36,10
991,PRODUCT 0X3C,249145.77,12321,120,2
992,PRODUCT 0X3G,683085.38,56221,67,2
993,PRODUCT 0Y25,8125.2,696,91,3
994,PRODUCT 0Y32,8757,172,33,2
995,PRODUCT 0Y32,26166.75,490,33,11
996,PRODUCT 0Y33,24885.63,372,39,3
997,PRODUCT 0Y3O,29401.96,4086,85,10
998,PRODUCT 0Y3O,11620.84,1622,85,5
999,PRODUCT 0Z39,529.75,38,1,6
1000,PRODUCT 0Z3X,14833.98,53,121,4
