site_id,site_address,email,phone,zip,longtitude,latitude,city_id
1,5857 Davis Hollow,Cathrine@misael.ca,787-375-4548,92240,33.952303,33.952303,58
2,17170 Nader Wells,Sigurd@daron.us,338-580-0225,10579,41.390356,41.390356,187
3,56977 Edgar Walk,Eliane.Guann@elenor.me,659-942-1924,7983,40.867331,40.867331,258
4,4633 Metz Mountains,Sim.Fay@taurean.info,802-718-2371,2451,42.393029,42.393029,251
5,1944 Dare Lodge,Jeanette_Gibson@deangelo.org,900-826-4515,14925,42.147285,42.147285,70
6,96180 Marquise Views,Destin@dena.biz,264-707-3999,15467,39.932084,39.932084,161
7,6401 Gutkowski Burgs,Nikolas_Witting@oral.tv,888-721-7727,78763,30.335398,30.335398,11
8,5016 Marilyne Station,Rubye_Boehm@aniya.info,425-399-6764,16053,40.808934,40.808934,196
9,11752 Alana Rapids,Sid_Cassin@adah.ca,232-665-4067,31029,33.0409,33.0409,81
10,61107 Jacobi Curve,Dixie.Fisher@leda.biz,119-668-2091,55967,43.786802,43.786802,188
11,927 Wilderman Underpass,Torey_Beer@genevieve.ca,328-314-2745,95940,39.585648,39.585648,76
12,3663 Rosenbaum Parks,Connor@percy.name,211-519-9832,54933,44.666988,44.666988,71
13,5635 Americo Alley,Gabriella@verdie.me,109-415-6803,7877,41.10289,41.10289,232
14,95193 Jadon Wells,Bianka@gerson.com,378-190-1217,60169,42.04,42.04,102
15,5642 Spencer Estates,Reagan@brady.me,203-470-4127,2177,42.446396,42.446396,143
16,795 Maureen Harbor,Pierre.Morissette@maurice.tv,414-709-7755,28515,35.176466,35.176466,15
17,34545 Tremblay Key,Andre@hester.ca,519-165-9841,87825,34.139451,34.139451,130
18,95917 Stoltenberg Stream,Briana@vern.me,999-688-3691,90009,33.786594,33.786594,125
19,16489 Moen Garden,Toby@monty.name,564-314-3284,41859,37.392257,37.392257,56
20,936 Hyman Plaza,Ericka.Romaguera@furman.co.uk,932-818-3700,95001,37.05297,37.05297,7
21,224 Buckridge Fork,Makenzie.Medhurst@tony.com,745-897-2056,65783,37.715074,37.715074,262
22,31957 Porter Court,Janice@kim.biz,383-965-8589,7777,40.302718,40.302718,104
23,262 Homenick Lake,Kavon.Graham@jovanny.tv,796-800-3838,44110,41.562781,41.562781,42
24,8539 Strosin Fords,Wilma@emie.io,271-243-1814,65637,36.753498,36.753498,60
25,60110 Manley Isle,Braulio_Kirlin@ramiro.us,906-162-8026,61326,41.264159,41.264159,91
26,32875 Haleigh Harbor,Sarina@emmet.ca,500-241-7510,45247,39.209208,39.209208,40
27,479 Abdullah Land,Lura@sally.net,421-818-1350,91510,33.786594,33.786594,29
28,87573 Boyle Corners,Vern_Walter@anna.name,667-248-2609,80290,39.744086,39.744086,57
29,47139 Morton Orchard,Marquise@amira.info,517-563-0336,39048,32.667612,32.667612,18
30,67353 Liliana Parkway,Waldo@kristina.biz,632-510-9383,45166,39.480543,39.480543,193
31,9503 Gwen Place,Jayne@elinore.name,554-459-1959,6051,41.666249,41.666249,160
32,64986 Jeremy Parkway,Tom@althea.net,952-523-5925,31041,32.371371,32.371371,108
33,5548 Schaden Shoal,Glenna@chester.ca,922-621-5336,79740,31.019602,31.019602,87
34,5026 Arch Port,Juana_Fahey@jayce.co.uk,824-263-5707,73847,36.903089,36.903089,115
35,5209 Jalyn Greens,Gustave_Torphy@evan.us,210-503-5514,79116,35.245398,35.245398,5
36,0361 Schmeler Passage,Emery.Borer@loyce.com,574-220-2295,90267,33.786594,33.786594,132
37,232 Jocelyn Spur,Brenda@allene.io,813-431-9583,63748,37.671971,37.671971,85
38,940 Metz Stream,Theresa_Miller@glenda.net,766-315-3781,64781,37.981824,37.981824,201
39,975 Hertha Fork,Dario@abbie.us,926-839-5137,2366,41.854063,41.854063,225
40,9084 Daugherty Corners,Barton_Marquardt@jace.io,531-612-1333,40356,37.883886,37.883886,165
41,014 Price Bridge,Misty.Mann@gerardo.biz,135-606-1515,62204,38.631383,38.631383,65
42,082 Gladyce Lock,Hattie.Schinner@alene.tv,344-677-8613,11229,40.599256,40.599256,23
43,46140 Melisa Spring,Cali_Gorczany@ned.name,670-450-4668,12848,43.100123,43.100123,145
44,0961 Viviane Keys,Tremayne@monserrat.co.uk,123-128-6471,90506,33.786594,33.786594,239
45,4718 Bednar Mount,Ernesto_Sanford@jaron.biz,570-172-4872,80645,40.332131,40.332131,116
46,48132 Sebastian Union,Aracely_Kiehn@emmett.tv,197-854-3473,7504,40.912148,40.912148,179
47,261 Gorczany Ville,Davin@kylie.biz,860-111-3847,45361,39.963492,39.963492,185
48,2073 Hackett Pines,Mohammad_Gulgowski@lina.biz,281-545-2997,70558,30.101464,30.101464,147
49,82718 Idell Mill,Beau@shany.me,742-858-7534,7721,40.435961,40.435961,43
50,1525 Ibrahim Track,Kamron@hailey.io,777-992-7396,14056,42.991173,42.991173,64
51,68408 Trudie Crescent,Linnie@verona.us,601-336-5527,92030,33.016928,33.016928,72
52,565 Effie Walk,Tracy@pamela.org,620-835-2291,38050,35.815535,35.815535,139
53,365 Pfeffer Lakes,Aimee_Harvey@selina.biz,629-752-3617,93546,37.621587,37.621587,131
54,5967 Tromp Square,Jaren_DuBuque@kaylin.com,740-358-9453,17730,41.109525,41.109525,59
55,858 Lois Terrace,Crystel_Cruickshank@demarcus.name,507-715-7569,34948,27.382196,27.382196,82
56,9571 Littel Plaza,Meda.Osinski@rhea.io,328-285-3931,19726,39.564499,39.564499,164
57,08876 Jeramy Place,Destany@sister.org,679-932-8369,32821,28.391608,28.391608,173
58,342 Fadel Ports,Ceasar@reyna.ca,354-989-1901,86442,35.097719,35.097719,28
59,642 Gottlieb Shore,Santos_Boyle@cheyenne.co.uk,168-477-8783,62255,38.303147,38.303147,123
60,5695 Kaleb Keys,Mireya.Kovacek@madisen.name,278-238-2013,92328,35.945641,35.945641,55
61,4745 Chase Club,Ova.Pouros@tony.io,648-580-5784,27924,36.192231,36.192231,45
62,2922 Dion Row,Payton@dominique.name,772-282-3235,75965,31.649582,31.649582,155
63,68408 Trudie Crescent,Katlyn@larue.tv,552-273-3642,79331,32.714521,32.714521,118
64,14758 Tremblay Tunnel,Logan@destiney.tv,291-474-4742,54541,45.55375,45.55375,119
65,434 Simeon Junctions,Ervin.Pacocha@prince.net,414-814-2926,84717,37.6153,37.6153,26
66,806 Charlie Gateway,Ora@kristoffer.ca,443-273-8012,95255,38.421689,38.421689,257
67,3977 Dahlia Center,Abbie@corrine.ca,824-505-4812,78720,30.326374,30.326374,11
68,396 McCullough Centers,Alek@laisha.us,682-637-6948,41622,37.514748,37.514748,66
69,75480 Valentine Keys,Dimitri@carlee.co.uk,366-969-5352,27351,35.660548,35.660548,226
70,989 Brekke Branch,Bertrand@oswaldo.io,286-801-0518,96727,20.089087,20.089087,105
71,38347 Kamryn Lake,Shayne@ayana.ca,580-385-9966,13444,42.637549,42.637549,181
72,5387 Cooper Lane,Bernita@stephen.tv,363-537-2513,90245,33.921313,33.921313,67
73,14758 Tremblay Tunnel,Annie_Erdman@pearlie.org,179-921-9272,60933,40.465744,40.465744,69
74,5209 Jalyn Greens,Jessica@leonardo.name,345-752-0919,67425,38.813761,38.813761,25
75,9405 Carroll Groves,Margarett@ernestina.net,791-688-0457,55605,47.967442,47.967442,90
76,80054 Grayce Road,Reva@dorothy.us,981-341-8015,7065,40.607103,40.607103,189
77,1095 VonRueden Curve,Theresa@katelynn.ca,785-641-3594,31639,31.199,31.199,157
78,357 Nitzsche Roads,Haylee@alyce.biz,831-755-6913,28353,34.781768,34.781768,121
79,41873 Clair Keys,Elda.Mann@bethany.org,223-416-8849,70079,30.007089,30.007089,166
80,123 Marilou Place,Lavon@edyth.io,362-924-8460,66424,39.681813,39.681813,73
81,807 Abshire Wall,Grover_Upton@toy.info,582-345-9114,54929,44.63605,44.63605,44
82,147 Corene Throughway,Boris@santos.biz,314-731-0990,10044,40.762174,40.762174,163
83,764 Bridie Oval,Moshe_Mueller@selena.com,346-840-9841,42370,37.448681,37.448681,203
84,082 Gladyce Lock,Gerda@soledad.ca,407-140-2985,76196,32.771419,32.771419,83
85,931 Aufderhar Port,Roxanne.Nienow@nettie.io,919-867-8482,92194,33.016928,33.016928,210
86,452 Blick Plaza,Parker@bret.info,647-333-2799,1082,42.270611,42.270611,252
87,123 Marilou Place,Lisandro@missouri.com,872-617-6215,32034,30.641487,30.641487,77
88,472 Schowalter Springs,Gregg@luciano.info,594-985-0441,95345,37.576262,37.576262,146
89,8809 Kunze Land,Mercedes_Brakus@jerome.us,791-127-9855,85350,32.58193,32.58193,224
90,42151 Leopoldo Lakes,Marques_Cummings@ines.us,897-456-0740,90302,33.975263,33.975263,110
91,8721 Kathlyn Ridge,Lonnie@amie.co.uk,281-645-8861,12976,44.552725,44.552725,190
92,472 Schowalter Springs,Zion_Wyman@aubrey.biz,841-511-2617,75154,32.526123,32.526123,192
93,46140 Melisa Spring,Emelia@gilbert.me,788-632-9419,40701,36.942035,36.942035,49
94,262 Homenick Lake,Ralph@kayli.ca,784-419-6718,7081,40.701801,40.701801,229
95,749 Elroy Lakes,Trinity@brant.name,225-854-2840,55735,46.250308,46.250308,78
96,026 Greta Brook,Rebeka_Runolfsdottir@maurice.name,283-359-7942,95159,37.189396,37.189396,211
97,80054 Grayce Road,River_Schumm@chase.ca,663-901-2272,73458,34.337522,34.337522,228
98,480 Juliet Rapids,Keira_Bahringer@eliza.biz,808-517-4978,67474,39.579664,39.579664,184
99,942 Cathryn Knoll,Orval@jada.tv,743-554-5609,96058,41.790562,41.790562,127
100,421 Hayes Way,Craig@rita.me,148-428-6589,16617,40.601566,40.601566,17
101,01068 Leuschke Field,Hyman.Kulas@darron.org,479-155-8278,78141,28.919157,28.919157,167
102,435 Keeling Pike,Eunice_Abernathy@addison.org,381-136-0040,8406,39.342299,39.342299,246
103,0822 Harris Light,Brody@wava.com,201-233-6838,55790,47.825059,47.825059,240
104,9571 Littel Plaza,Stephania_Stanton@cloyd.biz,469-651-0072,30527,34.481514,34.481514,41
105,5209 Jalyn Greens,Rita.Stehr@keven.tv,545-383-3410,63746,37.734776,37.734776,75
106,14758 Tremblay Tunnel,Arno@craig.us,486-472-3987,32459,30.361248,30.361248,215
107,1342 Khalid Plains,Reginald_Conn@zaria.me,894-228-3998,1805,42.446396,42.446396,30
108,130 Jaskolski Summit,Marie_Buckridge@yasmeen.tv,249-467-6027,19713,39.669211,39.669211,164
109,8002 Marlin Port,Jacklyn@marguerite.biz,897-903-8099,78757,30.349455,30.349455,11
110,479 Metz Run,Kelvin.Rogahn@jaunita.tv,751-356-9925,76265,33.701692,33.701692,207
111,48132 Sebastian Union,Elliot@johnnie.io,208-459-3095,92318,34.048544,34.048544,27
112,8814 Sigurd Ports,Amara@jeanne.biz,865-951-6656,62546,39.430427,39.430427,153
113,026 Greta Brook,Kiel.Pollich@chad.info,870-275-7543,65042,38.674914,38.674914,101
114,47119 Rhiannon Shore,Luisa@jocelyn.tv,605-164-4707,63940,36.772841,36.772841,79
115,28105 Erdman Mountain,Ed_Reichel@doyle.biz,798-625-9500,87544,35.86849,35.86849,124
116,16094 Bednar Pass,Franz_Orn@neoma.me,951-999-9662,74834,35.702159,35.702159,38
117,38748 Blick Parks,Antonia.Crooks@genesis.us,911-600-1163,12486,41.831082,41.831082,236
118,6342 Arjun Square,Jeffery@lemuel.tv,839-832-5658,73082,34.790635,34.790635,205
119,86035 Fay Rue,Gladys.Ferry@halie.net,437-614-7833,12961,44.061849,44.061849,152
120,435 Keeling Pike,Maximus_Graham@domenic.me,133-599-6218,78759,30.406169,30.406169,11
121,175 Zieme Lane,Percival.Yundt@bradly.com,155-522-1155,64476,40.447373,40.447373,180
122,643 Neoma Fork,Hudson_Abshire@joe.name,447-850-7400,8724,40.087794,40.087794,22
123,616 Daugherty Fort,Era.Murazik@lisa.info,738-410-3320,28357,34.902698,34.902698,126
124,5850 Greenholt Mountains,Samir@alphonso.name,707-493-8650,39530,30.399148,30.399148,19
125,5967 Tromp Square,Cindy_Bayer@lew.net,744-391-9914,19478,40.276511,40.276511,227
126,1033 Kemmer Valley,Manuela_Jast@abraham.net,648-374-5885,15007,40.652311,40.652311,14
127,079 Ruth Track,Lora.OConner@marcus.org,494-477-6307,7418,41.232344,41.232344,89
128,875 Gavin Manors,Deanna@loyce.name,914-570-6248,19363,39.781938,39.781938,176
129,7167 Turner Courts,Amie@lynn.com,222-674-9615,54532,45.337678,45.337678,97
130,801 Lubowitz Manors,Avis_Wintheiser@emerald.us,260-422-8295,1634,42.069484,42.069484,238
131,7888 Abernathy Meadows,Micheal.Roberts@leann.name,548-898-2005,19701,39.598203,39.598203,16
132,7764 Richie Club,Harrison.Corkery@magnolia.me,938-484-0994,55991,44.24431,44.24431,265
133,942 Donnie Crossroad,Jeramie@may.info,322-583-3396,76035,32.546387,32.546387,52
134,96180 Marquise Views,Blanche.Bogisich@sylvia.biz,350-686-0872,95934,40.074042,40.074042,51
135,837 Prohaska Throughway,Elna.Legros@oliver.name,360-710-8388,87119,35.044339,35.044339,2
136,93113 Padberg Square,Santos@beatrice.biz,598-988-3707,78280,29.437532,29.437532,209
137,510 Delta Overpass,Anne.McGlynn@pablo.com,310-858-8549,60076,42.03618,42.03618,221
138,9264 Jillian Hills,Hortense.Ferry@xander.us,301-983-5561,16735,41.628726,41.628726,114
139,10461 Harvey Tunnel,Allen_Wuckert@jevon.us,104-320-8573,73564,34.834172,34.834172,199
140,4280 Nathan Fork,Gregory.Zemlak@lila.ca,132-878-0949,17052,40.338058,40.338058,135
141,0408 Monte Springs,clowson0@xrea.com,368-995-4102,28103,34.99545,34.99545,138
142,41834 Davis Summit,bbottby1@vimeo.com,227-939-4556,62537,39.867151,39.867151,96
143,9277 Halie Alley,mdowsett6@t.co,433-765-2522,80309,40.087835,40.087835,20
144,4830 Antwon Squares,mgilhooley7@posterous.com,214-661-0113,54150,44.984514,44.984514,158
145,937 Stracke Park,lolooney8@example.com,452-967-7728,15701,40.626307,40.626307,109
146,5275 Amira Streets,enatwick9@opensource.org,695-435-6501,17961,40.645057,40.645057,174
147,9503 Gwen Place,dmcminna@joomla.org,927-560-9925,45362,40.28577,40.28577,204
148,247 Joany Lakes,rdurrettb@harvard.edu,863-980-5019,85294,32.92,32.92,35
149,7326 Rodolfo Villages,divancevicc@upenn.edu,770-364-8110,53702,43.06956,43.06956,129
150,03808 Alec Trace,aisetond@hud.gov,240-451-2581,32082,30.189934,30.189934,182
151,127 Santa Inlet,wgibbinsg@jiathis.com,963-283-2973,30520,34.338008,34.338008,34
152,4830 Antwon Squares,ileduri@mit.edu,513-942-6133,30505,34.306188,34.306188,86
153,65173 Jaquan Cliff,mspeeksk@nyu.edu,997-550-7056,40476,37.716443,37.716443,197
154,03808 Alec Trace,lrockeyl@people.com.cn,395-182-4371,30539,34.680011,34.680011,63
155,716 Shakira Hills,zsarren@ehow.com,928-312-0720,79553,32.943145,32.943145,230
156,1118 Koby Park,ltimmonso@weibo.com,104-353-1590,32190,29.332109,29.332109,217
157,779 Colin Rapid,sriddioughq@google.pl,500-195-1358,42201,37.279564,37.279564,1
158,5427 Dasia Bridge,cratterys@yelp.com,358-919-7308,73507,34.621373,34.621373,122
159,29939 Marquardt Mews,cpoilet@fastcompany.com,907-493-7799,90640,34.014212,34.014212,151
160,2945 Harber Shoal,bhaggerstoneu@fda.gov,785-111-2349,65282,39.369471,39.369471,214
161,2857 Gino Cape,hnapolionev@edublogs.org,584-563-2473,44001,41.386533,41.386533,6
162,2922 Dion Row,rbartosekw@omniture.com,164-257-7506,28792,35.353837,35.353837,98
163,1464 Gideon Ports,tgrisenthwaitez@globo.com,533-477-0299,31089,32.89115,32.89115,234
164,64805 Tessie Forks,bbattell11@kickstarter.com,325-311-9445,67333,37.021498,37.021498,33
165,4152 Marquardt Garden,phenlon12@netscape.com,140-641-9952,45433,39.813743,39.813743,54
166,247 Joany Lakes,ljoss14@photobucket.com,344-107-1658,97865,44.421744,44.421744,154
167,4918 Caden Hill,hgianuzzi15@reuters.com,378-487-6756,56161,43.724852,43.724852,171
168,90282 Brice Bypass,hbhar16@tripod.com,300-649-1711,97329,44.400432,44.400432,36
169,1118 Koby Park,bmingauld17@hp.com,848-131-4111,85294,32.92,32.92,35
170,37393 Bergstrom Cove,plilford18@abc.net.au,692-171-7406,84331,41.909031,41.909031,183
171,9447 Yasmine Pines,wvink19@ycombinator.com,357-380-6015,53192,42.511818,42.511818,261
172,82092 Ebert Ports,skryszka1a@indiegogo.com,617-767-2227,75277,32.767268,32.767268,53
173,76158 Satterfield Junction,odignan1c@unicef.org,648-676-1212,67230,37.683392,37.683392,260
174,648 Loy Plaza,mstotherfield1d@ihg.com,879-121-7818,62432,39.139262,39.139262,99
175,457 Sipes Fields,acalvey1f@pen.io,396-159-5012,31039,32.587537,32.587537,107
176,8081 Benjamin Point,cepinoy1g@scientificamerican.com,216-934-5082,76504,31.09954,31.09954,233
177,0523 Naomie Garden,sdemeyer1i@ycombinator.com,932-813-3465,10112,40.759291,40.759291,163
178,2945 Harber Shoal,rattenbrough1j@w3.org,394-943-6867,78571,30.916863,30.916863,208
179,484 Bergnaum Via,vgunstone1m@clickbank.net,830-665-7570,93447,35.664837,35.664837,178
180,79476 Hamill Circle,dcastelain1n@go.com,740-806-5774,55085,44.674317,44.674317,247
181,2788 Tianna Garden,mmauvin1o@guardian.co.uk,814-550-0742,78132,29.749204,29.749204,159
182,7014 Corkery Trail,chelsby1p@seesaa.net,115-195-7344,70156,30.032997,30.032997,162
183,15562 Lia Crossroad,fnaulty1q@51.la,304-647-9954,54538,45.964667,45.964667,117
184,80054 Grayce Road,kstrahan1s@mlb.com,412-130-7270,67466,39.342965,39.342965,148
185,3857 Olson Station,dbolstridge1v@ustream.tv,287-763-8781,42001,37.066543,37.066543,177
186,1033 Kemmer Valley,msteely1w@ca.gov,987-371-1808,28621,36.283497,36.283497,68
187,406 O'Kon Valleys,egatteridge1x@symantec.com,465-512-2863,39667,31.131018,31.131018,243
188,13122 Darius Point,nbalderston1y@nymag.com,357-487-0884,2472,42.371296,42.371296,254
189,8669 Glover Extensions,rwooller1z@businesswire.com,313-406-1999,92278,34.360235,34.360235,241
190,2495 Bartell Lodge,lconnop20@globo.com,826-473-1350,85303,33.528166,33.528166,88
191,1444 Ruben Corners,tguilaem22@edublogs.org,401-674-7837,28101,35.256379,35.256379,140
192,406 Reilly Lodge,aschooling24@wisc.edu,268-308-0613,45055,39.451806,39.451806,175
193,752 Golden Island,bpree25@wired.com,510-978-5640,41776,37.167173,37.167173,264
194,5446 Gu?ann Well,dligertwood27@phoca.cz,265-318-4144,15550,40.003724,40.003724,133
195,03808 Alec Trace,tstledger29@nature.com,679-478-7126,27331,35.372577,35.372577,213
196,510 Delta Overpass,gcastanos2a@youtube.com,973-149-3551,17111,40.264389,40.264389,95
197,03510 Kassulke Creek,hcamacho2b@wiley.com,819-761-7314,77253,29.83399,29.83399,106
198,00182 Brenna Pine,dgouinlock2c@japanpost.jp,209-411-6298,43780,39.930047,39.930047,216
199,12329 Turcotte Ports,jdunbabin2d@google.pl,153-762-9271,7676,40.989508,40.989508,103
200,817 Johnson Glens,rmathissen2g@examiner.com,679-838-3119,62279,38.153322,38.153322,195
201,5834 Connelly Pine,alube2h@edublogs.org,342-646-2950,19003,40.000861,40.000861,8
202,817 Johnson Glens,dferneley2i@ocn.ne.jp,137-241-9585,16406,41.746056,41.746056,48
203,4196 Rudolph Mission,dhaggerston2j@artisteer.com,594-851-4019,75799,32.411237,32.411237,242
204,893 Wisoky Inlet,kstiger2k@360.cn,697-765-8325,13166,43.056292,43.056292,255
205,462 Eleanora Lakes,hjacob2l@marketwatch.com,890-510-0493,15062,40.154271,40.154271,150
206,2495 Bartell Lodge,moconnor2m@cam.ac.uk,672-534-7880,55574,45.015914,45.015914,134
207,7894 Grayce Trace,lmargrem2o@nydailynews.com,347-944-7716,74063,36.139385,36.139385,212
208,327 Bauch Radial,mkirvin2p@webnode.com,599-657-1353,28669,36.229983,36.229983,198
209,56097 Stanton Spur,mwoodruff2q@icio.us,638-983-6628,95116,37.34964,37.34964,211
210,9264 Jillian Hills,bdryburgh2r@4shared.com,433-873-7151,81129,37.101134,37.101134,47
211,6817 Bashirian Avenue,sandrea2t@google.fr,659-389-9276,43077,40.136336,40.136336,244
212,7243 Kovacek Parkways,rdewer2v@barnesandnoble.com,853-387-0864,45855,41.088144,41.088144,120
213,9727 Pfannerstill Spring,cstrethill2w@mozilla.org,723-593-3016,62892,38.804938,38.804938,248
214,42316 Mitchell Landing,ftremblett2x@thetimes.co.uk,343-445-4751,34801,28.566148,28.566148,24
215,435 Keeling Pike,anewvill2y@paypal.com,225-437-3904,91764,34.077327,34.077327,172
216,96740 Terence Radial,cgudeman30@merriam-webster.com,490-218-5788,28690,35.740368,35.740368,245
217,03808 Alec Trace,apendle31@rakuten.co.jp,496-881-5521,7509,41.011428,41.011428,179
218,72043 Camille Common,gkiefer32@nsw.gov.au,615-765-9476,65559,38.011872,38.011872,206
219,2838 Lueilwitz Plaza,lpantry34@google.fr,945-858-6978,78555,26.250709,26.250709,141
220,4324 Guiseppe Track,jrusson35@bizjournals.com,576-487-3720,74469,35.493581,35.493581,253
221,8002 Marlin Port,dcraine37@auda.org.au,391-448-2612,93301,35.381408,35.381408,13
222,4626 Orion Club,mricharz39@furl.net,396-590-9275,56371,45.432316,45.432316,201
223,87298 Efrain Mall,afessby3a@bigcartel.com,830-291-9193,75845,31.090648,31.090648,93
224,886 Rolando Hills,bmedlin3c@hibu.com,488-911-9778,30424,32.767634,32.767634,61
225,1773 Crona Springs,hnurden3d@chicagotribune.com,450-738-8591,14083,42.676913,42.676913,112
226,5834 Connelly Pine,aphipardshears3e@barnesandnoble.com,432-544-6239,78654,30.566681,30.566681,136
227,30148 Sebastian Throughway,fgeorgot3f@mtv.com,835-597-1037,70184,30.032997,30.032997,162
228,31410 Hyatt Inlet,dbiaggiotti3h@spotify.com,510-618-2741,31732,31.169794,31.169794,37
229,27170 Nickolas Groves,clightman3j@rambler.ru,543-825-4977,27583,36.291896,36.291896,237
230,4280 Nathan Fork,mdaguanno3k@cyberchimps.com,175-675-9276,14816,42.177039,42.177039,21
231,48555 Bailey Mission,mdurham3l@shutterfly.com,119-190-9277,30452,32.327219,32.327219,194
232,91526 Edmund Parkways,iroberson3m@epa.gov,810-668-0827,18105,40.693376,40.693376,4
233,18069 Alysa Trail,atallquist3n@dagondesign.com,560-585-9101,77874,30.049881,30.049881,250
234,08732 Jasper Cliff,djedrzejewski3o@dmoz.org,284-203-6085,84335,41.833371,41.833371,222
235,667 Lonny Rapid,scommuzzo3p@telegraph.co.uk,667-785-1350,27970,35.892486,35.892486,200
236,5394 Josiah Circle,rmerdew3q@bbb.org,393-586-3527,76384,34.142094,34.142094,248
237,1371 Megane Common,crobinette3r@ca.gov,199-294-6798,54123,44.205239,44.205239,80
238,613 Miracle Brooks,tscoular3s@google.ru,943-472-3936,53212,43.072062,43.072062,149
239,37198 Weissnat Station,rwolverson3t@163.com,108-875-7825,79040,36.27128,36.27128,94
240,84067 Wisoky Fort,ebromfield3u@scribd.com,324-194-5062,80209,39.706535,39.706535,57
241,93113 Padberg Square,mnutkin3w@twitpic.com,175-213-9769,17002,40.510176,40.510176,3
242,23691 Anita Squares,cklassmann40@imdb.com,303-977-4963,15502,40.046023,40.046023,100
243,733 Major Turnpike,openbarthy41@arizona.edu,373-454-3398,70178,30.032997,30.032997,162
244,86035 Fay Rue,spallent42@shinystat.com,657-622-8273,30678,33.46171,33.46171,259
245,249 Rodger Avenue,ggotcliff43@tmall.com,495-156-7655,30610,33.944339,33.944339,9
246,72043 Camille Common,lblayney44@ihg.com,280-186-7690,38626,34.48647,34.48647,62
247,233 Abagail Union,igearing45@arstechnica.com,533-247-5226,33409,26.709575,26.709575,256
248,5354 Wilmer Extensions,dlias46@shinystat.com,913-793-5416,32222,30.230272,30.230272,111
249,7591 Rosenbaum Hill,jludgate47@sina.com.cn,100-267-6157,53099,43.414202,43.414202,263
250,9177 Levi Rapids,nwheelband4a@gizmodo.com,688-439-8964,64075,38.99535,38.99535,169
251,37198 Weissnat Station,dtethacot4b@wired.com,665-696-8048,6235,41.809166,41.809166,39
252,62024 Mann Lodge,lcastellino4c@gov.uk,941-418-2715,85209,33.37,33.37,144
253,1773 Crona Springs,hhayesman4d@people.com.cn,684-634-6379,78478,27.777,27.777,50
254,6817 Bashirian Avenue,vmccathay4e@globo.com,102-280-5957,18356,41.010333,41.010333,219
255,60383 Wilfred Roads,efaldo4f@cbslocal.com,354-882-2646,16143,41.096535,41.096535,186
256,9167 Mariah Tunnel,pdjokovic4j@reverbnation.com,646-969-1994,6447,41.637066,41.637066,137
257,15562 Lia Crossroad,hmcskin4l@360.cn,163-681-0382,71118,32.397255,32.397255,220
258,72043 Camille Common,rscarrott4m@w3.org,680-531-5692,71164,32.607556,32.607556,220
259,0921 McGlynn Green,ofoulks4n@google.nl,342-414-3346,53039,43.378828,43.378828,113
260,66711 Bogisich Plains,lcrain4o@ebay.com,126-646-1987,56062,44.045998,44.045998,128
261,81127 Norris Manors,amettrick4r@usda.gov,675-576-8547,53931,43.740108,43.740108,74
262,886 Rolando Hills,tcheston4s@senate.gov,129-298-2720,1061,42.369562,42.369562,168
263,142 Shakira Freeway,lbamling4u@cisco.com,635-915-7578,14819,42.20928,42.20928,31
264,312 Walker Field,bpiscotti4v@google.co.uk,801-317-0479,88029,31.823645,31.823645,46
265,1371 Megane Common,ntolomei4w@ucoz.ru,176-797-3649,8873,40.505253,40.505253,223
266,4324 Guiseppe Track,ccorpe4y@nps.gov,148-161-7752,75568,33.206258,33.206258,156
267,191 Jovany Stravenue,pcarlisi4z@nyu.edu,399-382-1869,84071,40.336367,40.336367,231
268,67852 Parisian Unions,nhusselbee50@squidoo.com,915-745-5747,84252,38.995483,38.995483,92
269,84896 Sophia Point,chesse52@moonfruit.com,928-583-8159,32959,28.306726,28.306726,218
270,1371 Megane Common,mdacosta54@shinystat.com,787-133-7050,76623,32.221421,32.221421,12
271,937 Stracke Park,bminnis56@indiegogo.com,139-721-0830,94613,37.781098,37.781098,170
272,667 Lonny Rapid,junthank57@virginia.edu,699-745-3413,79014,35.866528,35.866528,32
273,6373 Harvey Isle,pfotitt5c@stanford.edu,535-657-8417,19611,40.327792,40.327792,191
274,6717 Ezra Station,blaytham5d@theatlantic.com,425-969-1117,80216,39.784622,39.784622,57
275,716 Shakira Hills,hhunte5e@exblog.jp,721-925-9714,56701,48.118625,48.118625,235
276,5427 Dasia Bridge,mmaclaren5f@plala.or.jp,521-842-4403,30332,33.776305,33.776305,10
277,922 Anita Rapid,jfeldbrin5g@barnesandnoble.com,672-628-4846,8055,39.865272,39.865272,142
278,259 Misty Islands,rcopelli5h@discovery.com,487-122-8854,96033,40.736679,40.736679,84
279,54277 Streich Pines,iomond5i@cbsnews.com,412-849-5916,95161,37.189396,37.189396,211
